Area,Boro,AreaType,2010-01,2010-02,2010-03,2010-04,2010-05,2010-06,2010-07,2010-08,2010-09,2010-10,2010-11,2010-12,2011-01,2011-02,2011-03,2011-04,2011-05,2011-06,2011-07,2011-08,2011-09,2011-10,2011-11,2011-12,2012-01,2012-02,2012-03,2012-04,2012-05,2012-06,2012-07,2012-08,2012-09,2012-10,2012-11,2012-12,2013-01,2013-02,2013-03,2013-04,2013-05,2013-06,2013-07,2013-08,2013-09,2013-10,2013-11,2013-12,2014-01,2014-02,2014-03,2014-04,2014-05,2014-06,2014-07,2014-08,2014-09,2014-10,2014-11,2014-12,2015-01,2015-02,2015-03,2015-04,2015-05,2015-06,2015-07,2015-08,2015-09,2015-10,2015-11,2015-12,2016-01,2016-02,2016-03,2016-04,2016-05,2016-06,2016-07,2016-08,2016-09,2016-10,2016-11,2016-12,2017-01,2017-02,2017-03,2017-04,2017-05,2017-06
All Downtown,Manhattan,submarket,3000,2985,2933,2979,2995,3000,3000,3000,3195,3200,3100,3195,3195,3200,3195,3200,3210,3300,3200,3250,3350,3399.5,3350,3275,3250,3250,3300,3350,3395,3350,3300,3295,3395,3395,3309.5,3350,3300,3347.5,3400,3399,3350,3300,3350,3400,3450,3495,3529,3500,3500,3500,3495,3458.5,3495,3417,3450,3495,3495,3495,3470,3500,3500,3500,3550,3550,3500,3500,3500,3599,3600,3600,3577.5,3600,3595,3600,3662.5,3697,3697.5,3695,3650,3577,3595,3595,3535,3500,3500,3585,3545,3550,3550,3500
All Midtown,Manhattan,submarket,2800,2800,2800,2890,2900,2950,3000,3000,3050,3000,3000,3000,3000,3000,3050,3100,3200,3200,3250,3265,3227,3225,3250,3250,3235,3200,3200,3295,3350,3320,3300,3300,3300,3300,3300,3300,3300,3300,3300,3300,3300,3395,3350,3395,3395,3350,3350,3390,3350,3375,3395,3400,3450,3500,3467.5,3447.5,3400,3422.5,3450,3490,3467.5,3495,3495,3495,3522.5,3525,3550,3500,3500,3481.5,3425,3430,3400,3495,3500,3500,3553,3500,3500,3495,3495,3450,3400,3408,3395,3435,3432.5,3495,3500,3500
All Upper East Side,Manhattan,submarket,2375,2300,2300,2400,2495,2500,2500,2475,2500,2500,2450,2500,2495,2450,2400,2500,2600,2650,2595,2600,2681.5,2700,2725,2697.5,2650,2652.5,2600,2675,2625,2692.5,2650,2650,2700,2645,2650,2695,2650,2750,2795,2700,2700,2700,2650,2795,2762.5,2750,2700,2750,2695,2700,2650,2650,2650,2650,2650,2599,2612.5,2650,2700,2795,2785,2845,2835,2750,2790,2800,2800,2850,2950,2850,2800,2895,2900,2895,2950,2899.5,2877.5,2800,2750,2750,2795,2795,2800,2875,2800,2800,2850,2850,2810,2826
All Upper Manhattan,Manhattan,submarket,1500,1500,1500,1500,1500,1550,1549,1550,1597.5,1595,1550,1525,1550,1550,1600,1600,1600,1600,1650,1750,1750,1650,1650,1600,1625,1650,1700,1650,1675,1600,1640,1700,1700,1700,1700,1650,1675,1695,1680,1625,1675,1700,1700,1700,1750,1695,1650,1675,1650,1650,1609,1700,1750,1747,1750,1700,1750,1750,1725,1700,1725,1750,1750,1800,1850,1850,1850,1850,1850,1815,1800,1800,1850,1850,1850,1875.5,1900,1899,1900,1900,1879.5,1875,1850,1895,1900,1900,1895,1899.5,1895,1925
All Upper West Side,Manhattan,submarket,2600,2550,2500,2500,2500,2600,2600,2650,2750,2795,2800,2700,2700,2750,2750,2800,2800,2900,2850,2900,2900,2895,2950,3000,3000,2950,2900,2950,2900,2900,2975,2950,2995,2975,2995,2995,2950,2950,3000,3000,3000,2850,2850,2950,3000,3000,2950,2995,2950,3000,3010,3150,3150,3000,3000,3000,3090,3046,3000,3000,3095,3100,3100,3150,3150,3150,3250,3250,3300,3250,3200,3200,3200,3200,3226,3250,3250,3184,3195,3196.5,3208,3200,3150,3100,3100,3100,3100,3100,3100,3100
Alley Park,Queens,neighborhood,,,,,,,,,,,,,,,,,,,,,,,,,,,,,,,,,,,,,,,,,,,,,,,,,,,,,,,,,,,,,,,,,,,,,,,,,,,,,,,,,,,,,,,,,,
Astoria,Queens,neighborhood,1350,1475,1450,1400,1500,1600,1550,1487.5,1550,1650,1625,1525,1525,1600,1600,1700,1885,1885,1600,1800,1900,1850,1750,1850,1650,1650,1800,1795,1799,1750,2000,2086,2200,2100,2000,1900,1650,1750,1700,1800,1950,1850,1962.5,1900,1950,1950,1870,1850,1950,2000,1900,1800,1800,1850,1875,1850,1835,1900,1850,1800,1900,1850,1850,1850,1900,1900,1900,2000,1900,1900,1900,1900,2000,2000,2050,2000,1975,2000,1950,2000,2000,2000,2000,2000,2000,1965,1950,1900,1900,1900
Auburndale,Queens,neighborhood,,,,,,,,,,,,,,,,,,,,,,,,,,,,,,,,,,,,,,,,,,,,,,,,,,,,,,,,,,,,,,,,,,,,,,,,,,,,,,,,,,,,,,,,,,
Bath Beach,Brooklyn,neighborhood,,,,,,,,,,,,,,,,,,,,,,,,,,,,,,,,,,,,,,,,,,,,,,,,,,,,,,,,,,,,,,,,,,,,,,,,,,,,,,,,,,,,,,,1400,,,1450
Battery Park City,Manhattan,neighborhood,2857.5,2800,2925,2850,2800,2900,2950,2950,3000,3100,3000,3045,2945,2855,2895,2835,2950,3100,3087.5,3100,3197.5,3100,3000,3000,3110,3165,3200,3200,3200,3200,3295,3295,3200,3200,3150,3250,3295,3200,3250,3250,3400,3350,3225,3300,3295,3350,3350,3337.5,3385,3337.5,3425,3250,3315,3500,3545,3500,3585,3400,3300,3275,3400,3550,3600,3600,3725,3785,3705,3795,3817.5,3812.5,3800,3697.5,3525,3600,3625,3750,3857,3847.5,3840,3700,3600,3537.5,3559.5,3575,3600,3572.5,3525,3500,3600,3695
Bay Ridge,Brooklyn,neighborhood,1300,1300,1300,1300,1300,1300,1300,1300,1300,1300,1300,1300,1300,1400,1395,1300,1300,1300,1300,1425,1462.5,1450,1350,1350,1395,1300,1300,1350,,1325,1325,1400,1450,1450,1450,1495,1425,1425,1425,1495,1525,1525,1500,1472.5,1550,1500,1500,1500,1550,1550,1550,1525,1525,1500,1450,1500,1500,1550,1550,1550,1525,1512.5,1600,1600,1600,1600,1600,1650,1700,1675,1650,1650,1600,1600,1650,1650,1650,1700,1700,1675,1650,1672.5,1700,1675,1650,1650,1625,1650,1650,1650
Baychester,Bronx,neighborhood,,,,,,,,,,,,,,,,,,,,,,,,,,,,,,,,,,,,,,,,,,,,,,,,,,,,,,,,,,,,,,,,,,,,,,,,,,,,,,,,,,,,,,,,,,
Bayside,Queens,neighborhood,,,,1875,,,,,,,,,,,,,,1675,,,,,,,,,,,,,,,,,,,,,,,,,,,,,,,,,,,,,,1700,2000,,,,,2100,,,,,,1400,1450,,,,,1875,1750,1750,1750,,1775,1695,1572.5,1700,1700,1650,1600,,,,,1750
Bedford Park,Bronx,neighborhood,,,,,,,,,,,,,,,,,,,,,,,,,,,,,,,,1050,,,,,,,,,,,,,,,,,,,,,,,1400,1400,1400,1400,1400,1387.5,1375,1400,1400,1400,1349.5,1300,1300,1300,1350,1395,1350,1300,1450,1437.5,1450,1450,1387.5,1450,1462.5,1450,1500,1450,1450,1450,1375,1400,1500,1500,1500,1550
Bedford-Stuyvesant,Brooklyn,neighborhood,1550,1500,1400,1375,1400,1350,1325,1350,1450,1500,1500,1475,1400,1400,1400,1375,1382.5,1395,1450,1450,1400,1500,1600,1450,1400,1500,1550,1550,1562.5,1537.5,1500,1450,1500,1500,1500,1575,1500,1600,1700,1750,1700,1650,1650,1700,1700,1695,1745.5,1750,1750,1725,1770,1750,1750,1797,1750,1800,1800,1800,1800,1761.5,1799.5,1800,1800,1950,1950,1900,1949.5,1950,1900,1900,1922,1900,1922,1925,1977.5,2000,2050,2100,2100,2097,2093,2017,1999,2000,2000,2000,2000,2020.5,2100,2100
Bellerose,Queens,neighborhood,,,,,,,,,,,,,,,,,,,,,,,,,,,,,,,,,,,,,,,,,,,,,,,,,,,,,,,,,,,,,,,,,,,,,,,,,,,,,,,,,,,,,,,,,,
Belmont,Bronx,neighborhood,,,,,,,,,,,,,,,,,,,,,,,,,,,,,,,,,,,,,,,,,,,,,,,,,,,,,,,,,,,,,,,,,,,,,,,,,,,,,,,,,,,,,,,,,,
Bensonhurst,Brooklyn,neighborhood,,,,,,,,,,,,,,,,,,,,,,,,,,,,,,,,,,,,,,,,,,,,,1300,,,,1300,1200,,,,1362.5,1350,1300,1325,1350,1325,1375,1399.5,1412.5,1400,1500,1450,1500,1450,1425,1450,1350,1400,1399,1399,1400,1412.5,1425,1500,1500,1550,1550,,1500,1450,1500,,1475,1475,1500,1550,1550
Bergen Beach,Brooklyn,neighborhood,,,,,,,,,,,,,,,,,,,,,,,,,,,,,,,,,,,,,,,,,,,,,,,,,,,,,,,,,,,,,,,,,,,,,,,,,,,,,,,,,,,,,,,,,,
Boerum Hill,Brooklyn,neighborhood,2000,1950,1900,1900,2000,2355,2360,2360,2225,2200,,,2200,2100,2300,2350,,2300,,,,,,,,2425,2500,,2350,2350,2375,2595,2600,2600,2500,2825,2600,2800,2900,2700,2600,2500,2450,2750,2400,2447.5,2500,2500,2300,2300,2425,2608,2650,2675,2497.5,2500,2600,2500,2599,2650,2650,2800,2800,2600,2512.5,2500,2600,2600,2700,2612.5,2500,2500,2525,2600,2575,2597.5,2650,2700,2550,2550,2520,2500,2455,2475,2550,2799,2799,2775,2625,2612
Borough Park,Brooklyn,neighborhood,,,,,,,,,,,,,,,,,,,,,,,,,,,,,,,,,,,,,,,,,,,,,,,,1250,1275,,,,,,,,1525,1400,1350,1400,1350,,1425,1495,1475,1437.5,1475,1425,1400,1499,1500,,1425,1450,1395,1425,1525,1500,1462.5,1590,2078,1650,1599,1650,2077,1675,1600,1600,1585,1582.5
Bowne Park,Queens,neighborhood,,,,,,,,,,,,,,,,,,,,,,,,,,,,,,,,,,,,,,,,,,,,,,,,,,,,,,,,,,,,,,,,,,,,,,,,,,,,,,,,,,,,,,,,,,
Briarwood,Queens,neighborhood,,,,,,,,,,,,,,,,,,,,,,,,,,,,,,,,,,,,,,,,,,1450,1512.5,,,,,1472.5,,,1500,1500,1500,1600,1595,1597.5,1595,1650,1625,1650,1650,1587.5,1560,1525,1537.5,1662.5,1650,1622.5,1650,1675,1695,1692.5,1650,1682.5,1695,1697.5,1750,1697.5,1750,1625,1597.5,1620,1599.5,1695,1550,1550,1600,1650,1650,1625
Brighton Beach,Brooklyn,neighborhood,,,,,,,,,,,,,,,,,,,,,,,,,,,,,,1612.5,1612.5,1650,1700,,,,,,,,1450,1400,1400,1400,1405,1690,1572.5,,,1425,,1825,1825,1700,1647.5,1437.5,1522.5,1550,1695,1475,1450,1697.5,1750,1800,1850,1597.5,1612.5,1597,1637.5,1672.5,1700,1700,1668.5,1656,1796,1812.5,1737.5,1797.5,1772.5,1800,1772.5,1795,1722.5,1695,1685,1650,1800,1750,1800,1812.5
Bronx,Bronx,borough,1450,1450,1425,1400,1400,1350,1272.5,1297.5,1400,1275,1325,1275,1450,1350,1300,1300,1300,1200,1250,1290,1200,1199.5,1200,1200,1200,1250,1200,1200,1200,1200,1295,1250,1150,1250,1275,1300,1250,1275,1275,1350,1350,1275,1275,1225,1225,1200,1200,1250,1212.5,1219,1350,1350,1412.5,1550,1400,1300,1300,1300,1350,1350,1350,1350,1377.5,1350,1349,1325,1300,1350,1350,1350,1385,1400,1450,1450,1450,1450,1450,1450,1450,1450,1495,1481,1450,1495,1475,1500,1500,1500,1500,1500
Bronxwood,Bronx,neighborhood,,,,,,,,,,,,,,,,,,,,,,,,,,,,,,,,,,,,,,,,,,,,,,,,,,,,,,,,,,,,,,,,,,,,,,,,,,,,,,,,,,,,1400,1449,1450,1475,1500,,1450
Brooklyn,Brooklyn,borough,1900,1882.5,1800,1850,1900,1950,1975,1900,1950,1950,1900,1900,1900,1900,1950,1929,2000,2007.5,2062.5,2000,2050,2000,2000,2200,2200,2200,2200,2300,2282,2200,2200,2250,2400,2350,2350,2400,2200,2200,2200,2200,2295,2350,2400,2462.5,2450,2395,2300,2350,2300,2200,2200,2200,2375,2302.5,2300,2300,2250,2200,2200,2200,2299,2300,2295,2300,2250,2200,2250,2300,2295,2282.5,2250,2222,2300,2300,2300,2351.5,2350,2350,2350,2350,2300,2300,2275,2250,2250,2245,2200,2250,2200,2268
Brooklyn Heights,Brooklyn,neighborhood,2100,2150,2150,2100,2250,2350,2400,2500,2500,2300,2550,2650,2583.5,2650,2700,2642,2500,2341.5,2400,2600,2700,2800,2675,2600,2695,2625,2580,2500,2500,2500,2850,3000,2700,2850,2775,2700,2687.5,2700,3168,3092,2827,2800,3025,2900,2929,2825,2800,2995,2775,2750,2887.5,3020,2860,2800,2785,2785,2700,2795,2772.5,2750,2699,2700,2750,2900,2800,2800,2897.5,2800,2900,2862.5,2817.5,2700,2800,2800,2700,2800,3000,2975,2950,2900,2997,2900,2950,3000,3000,2895,2800,2800,2850,2900
Brookville,Queens,neighborhood,,,,,,,,,,,,,,,,,,,,,,,,,,,,,,,,,,,,,,,,,,,,,,,,,,,,,,,,,,,,,,,,,,,,,,,,,,,,,,,,,,,,,,,,,,
Brownsville,Brooklyn,neighborhood,,,,,,,,,,,,,,,,,,,,,,,,,,,,,,,,,,,,,,,,,,,,,,,,,,,,,,,,,,,,,1300,1300,1300,1395,1400,1400,1400,1400,1375,1400,1400,1400,1375,1400,1375,1350,1400,1425,1500,1500,,,,1425,,,1450,,1497,
Bushwick,Brooklyn,neighborhood,1800,1800,1500,2000,2000,1500,1500,1500,1500,,,2000,2000,2000,2000,2000,2000,,,,,,,,,,,1625,1650,1750,1750,1750,1750,2050,1650,1400,1550,2323,1862.5,1787.5,1650,1750,1750,2175,2150,1912.5,1850,1845,1850,1897.5,1950,1900,2000,1800,1895,1862.5,1850,1892.5,1900,1875,1772.5,1850,1895,1900,1900,1995,2100,2100,2000,2000,1900,1900,2000,1900,1900,2067.5,2095,2095,2100,2195,2100,2100,2033,2100,2095,2100,2100,2100,2150,2177.5
Cambria Heights,Queens,neighborhood,,,,,,,,,,,,,,,,,,,,,,,,,,,,,,,,,,,,,,,,,,,,,,,,,,,,,,,,,,,,,,,,,,,,,,,,,,,,,,,,,,,,,,,,,,
Canarsie,Brooklyn,neighborhood,,,,,,,,,,,,,,,,,,,,,,,,,,,,,,,,,,,,,,,,,,,,,,,,,,,,,,,,,,,,,,,,,,,,,,,,,,,,,,,,,,,,,,,1350,,,
Carnegie Hill,Manhattan,neighborhood,2349,2300,2395,2500,2557.5,2625,2695,2695,2595,2657,2412.5,2450,2550,2472.5,2422.5,2531,2595,2500,2425,2500,2500,2695,2785,2570,2497.5,2612.5,2650,2650,2800,2787.5,2695,2650,2632.5,2620,2600,2500,2650,2700,2650,2700,2742.5,2895,2895,2895,2899.5,2900,2700,2697.5,2675,2695,2887.5,2650,2850,2797.5,2587.5,2500,2525,2700,2875,2729,2700,2900,3099,2800,2600,2545,2750,2897.5,2850,2725,2775,2775,2862.5,2825,2850,2835,2850,2795,2762.5,2775,2795,2895,2895,2997,2900,2800,2800,2759,2700,2700
Carroll Gardens,Brooklyn,neighborhood,1900,1912.5,1900,1800,1900,2000,2100,2000,2100,2150,2100,2100,2050,2000,2100,2200,2500,2500,2200,2200,2200,2200,2287.5,2300,2287.5,2225,2400,2325,2450,2500,2350,2400,2500,2500,2500,2550,2400,2425,2600,2600,2400,2625,2550,2500,2700,2500,2500,2500,2400,2400,2500,2500,2550,2500,2600,2600,2600,2500,2500,2500,2600,2500,2550,2550,2650,2625,2575,2525,2600,2600,2500,2500,2500,2500,2500,2600,2525,2600,2600,2600,2599.5,2500,2500,2500,2550,2400,2500,2550,2500,2500
Castle Hill,Bronx,neighborhood,,,,,,,,,,,,,,,,,,,,,,,,,,,,,,,,,,,,,,,,,,,,,,,,,,,,,,,,,,,,1400,1400,,,,,,,,,1300,,,,,,,,,,1450,1450,1450,1475,1475,,1450,,1495,,
Central Harlem,Manhattan,neighborhood,1580,1600,1600,1550,1500,1500,1500,1462.5,1500,1550,1500,1500,1500,1525,1608,1675,1675,1649.5,1700,1712.5,1750,1650,1700,1750,1650,1675,1775,1675,1700,1650,1700,1870,1795,1700,1800,1675,1700,1700,1750,1700,1700,1750,1800,1850,1850,1800,1800,1775,1750,1750,1750,1850,1800,1800,1800,1800,1850,1900,1862.5,1825,1950,1990,2000,2000,1995,2000,1999.5,2000,1995,1950,1970,2075,2000,2000,2150,2125,2100,2100,2100,2099,2050,2100,2050,2100,2100,2100,2100,2065,2070,2100
Central Park South,Manhattan,neighborhood,5500,5500,5350,5950,5000,5500,5395,5500,6500,6500,6250,5000,5000,5525,5100,6000,6500,5600,5475,5375,6200,5725,6250,6125,6000,6100,5500,5000,5000,5500,5500,4972.5,4950,5500,6000,5500,6000,6250,6450,6500,6800,6800,7000,7800,7850,6400,6000,6650,7375,6450,5997.5,5700,6400,5500,5600,6500,7075,6995,7150,6995,6900,6972.5,6995,6995,6747.5,6500,6625,7000,7850,7862.5,7675,7600,7487.5,7475,6997.5,6995,6695,6900,6900,6750,6737.5,6500,6500,6500,6750,6500,6500,6350,6405.5,6600
Central Queens,Queens,submarket,1400,1387.5,1375,1400,1150,1150,1150,1150,1150,1150,1247.5,1200,1199.5,1199,1462.5,1450,1450,1450,1450,1499,1500,1550,1550,1525,1500,1550,1574.5,1650,1600,1550,1525,1500,1535,1700,1650,1650,1550,1600,1575,1595,1566,1600,1662.5,1650,1600,1650,1600,1620,1650,1700,1750,1675,1650,1700,1725,1725,1750,1750,1750,1700,1712.5,1725,1785,1750,1750,1750,1795,1800,1800,1750,1750,1750,1750,1750,1750,1800,1800,1800,1800,1800,1800,1800,1825,1800,1800,1800,1800,1800,1800,1800
Chelsea,Manhattan,neighborhood,3200,3300,3200,3000,3100,3000,3100,3150,3385,3300,3295,3225,3200,3225,3300,3400,3300,3400,3372.5,3395,3400,3500,3500,3350,3300,3350,3500,3525,3600,3700,3500,3500,3550,3500,3500,3550,3500,3547.5,3544,3695,3642.5,3450,3550,3762.5,3838.5,3914,3736,3638.5,3967,3988.5,3960,3750,3995,3700,3695,3700,3750,3700,3710,3777.5,3800,3796,3840,3940,3935,3940,3930,3954,3950,3995,3895,3900,3907.5,3950,3980,4025,4100,4118,4006,3950,3940,3930.5,3960,3900,3895,3950,3910,3950,3976,3892.5
Chinatown,Manhattan,neighborhood,,,,,,,,,2000,1900,,,,,,1900,1950,2650,2350,2225,,,,,,,,,,2250,2000,2550,2550,2650,2600,2395,,,2700,,2600,2600,2700,2600,2550,2650,2500,2500,2875,2447.5,2216,2625,2350,2495,2400,2400,2300,2300,2475,2500,2450,2300,2222.5,2250,2300,2297.5,2300,2800,2700,2500,2300,2200,2195,2150,2297.5,2247.5,2200,2300,2400,2397.5,2700,2575,2500,2500,2400,2297.5,2300,2400,2400,2300
City Island,Bronx,neighborhood,,,,,,,,,,,,,,,,,,,,,,,,,,,,,,,,,,,,,,,,,,,,,,,,,,,,,,,,,,,,,,,,,,,,,,,,,,,,,,,,,,,,,,,,,,
Civic Center,Manhattan,neighborhood,,,,,,,,,,,,,,,,,,,,,,,,,,,,,,,,,,,,,,,,,,,,,,,,,,,,,,,,,,,,,,,,,,,,,,,,,,,,,,,,,,,,,,,,,,
Clearview,Queens,neighborhood,,,,,,,,,,,,,,,,,,,,,,,,,,,,,,,,,,,,,,,,,,,,,,,,,,,,,,,,,,,,,,,,,,,,,,,,,,,,,,,,,,,,,,,,,,
Clinton Hill,Brooklyn,neighborhood,1700,1690,1725,1795,1750,1700,1700,1800,1895,1841.5,1927,1975,1896.5,1929,2004,1950,2007,2007,2000,2050,2025,2395,2000,1950,2150,1947.5,2350,2187.5,2400,2300,2150,2500,2825,2612.5,2400,2300,2100,2300,2372.5,2300,2300,2350,2295,2200,2337.5,2350,2350,2400,2097.5,2200,2311.5,2295,2450,2500,2500,2500,2450,2500,2425,2448,2450,2400,2300,2400,2500,2395,2400,2400,2400,2300,2300,2300,2399,2315,2395,2400,2500,2500,2500,2400,2411,2400,2485,2400,2397,2400,2400,2400,2400,2495
Co-op City,Bronx,neighborhood,,,,,,,,,,,,,,,,,,,,,,,,,,,,,,,,,,,,,,,,,,,,,,,,,,,,,,,,,,,,,,,,,,,,,,,,,,,,,,,,,,,,,,,,,,
Cobble Hill,Brooklyn,neighborhood,1900,2025,2000,2100,2275,2200,2300,2395,2385,,,,,2400,2450,,2600,2600,2600,,,,,2700,2700,2700,2550,2600,2500,2362.5,2550,2590,2700,2600,2620,2640,2500,2600,2550,2350,2550,2500,2600,2600,2725,2700,2500,2475,2650,2762.5,2762.5,2600,2600,2800,2800,2685,2900,2750,2700,2500,2700,2700,2525,2890,2575,2550,2600,2825,2900,2575,2650,2500,2700,2825,2700,2800,2875,2800,2600,2687.5,2550,2575,2537.5,2537.5,2600,2600,2500,2450,2500,2507
College Point,Queens,neighborhood,,,,,,,,,,,,,,,,,,,,,,,,,,,,,,,,,,,,,,,,,,,,,,,,,,,,,,,,,,,,,,,,,,,,,,,,,,,,,,,,,,,,,,,,,,
Columbia St Waterfront District,Brooklyn,neighborhood,,,,,,,,,,,,,,,1750,,,,,,,,,,,,,,,,,,,,,,,,,,,,,,,,,,,,2700,2700,2700,2450,,2100,2100,1825,1943.5,2120,2200,2150,2200,2200,2200,2250,2225,2225,2250,2200,,,,2700,2750,2300,2287.5,2300,2300,2372.5,2350,2300,2300,2197.5,2150,2197.5,2200,2200,2300,2300
Concourse,Bronx,neighborhood,,,,,,,,,,,,,,,,,,,,,1100,1050,,,,1250,,1249.5,1150,1200,1350,1150,1150,1300,1312.5,,,,,,,,,,,1375,,1375,1375,1325,1402,1385.5,1399.5,1150,1350,1260,1250,1295,1295,,,,,1350,1350,1325,1300,1350,1350,1350,1300,1300,1325,,1350,1350,1370,1425,1487.5,1525,1495,1495,1450,1495,1495,1399.5,1400,1497,1499.5,1500
Coney Island,Brooklyn,neighborhood,,,,,,,,,,,,,,,,,,,,,,,,,,,,,,,,,,,1425,,,,,,,,,,,,,,,,,,,,,,,,,,,,1700,1775,,1860,,,1950,1925,,,1850,1925,,,1910.5,1832,1855.5,,,1749,1762,1787,1850,,1974.5,,1975,1899
Corona,Queens,neighborhood,1112.5,,,,1150,1150,1150,1150,1150,1150,1150,1150,1150,1150,,,,,,,,,,,,,,,,,,,,,,,,,,,,,,,,,,,,,,1500,1500,1493,1500,1500,1497.5,,,1550,1525,1550,1575,1595,1650,1650,1650,1650,1650,1650,1650,1650,1612.5,1695,1760,1785,1785,1780,1755,1847.5,1777.5,1860,1790,1780,1780,1765,1767.5,1802.5,1800,1800
Country Club,Bronx,neighborhood,,,,,,,,,,,,,,,,,,,,,,,,,,,,,,,,,,,,,,,,,,,,,,,,,,,,,,,,,,,,,,,,,,,,,,,,,,,,,,,,,,,,,,,,,,
Crotona Park East,Bronx,neighborhood,,,,,,,,,,,,,,,,,,,,,,,,,,,,,,,,,,,,,,,,,,,,,,,,,,,,,,,,,,,,,,,,,,,,,,,,,,,,,,,,,,,,,,,,,,
Crown Heights,Brooklyn,neighborhood,1795,1900,1925,1900,1675,1425,1400,1300,1400,1400,1460,1430,1460,1350,1350,1350,1425,1455,1500,1455,1590,1590,1600,1500,1525,1600,1625,1662.5,1682.5,1587.5,1600,1775,1700,1512.5,1600,1600,1600,1700,1600,1600,1662.5,1700,1795,1750,1700,1675,1600,1595,1600,1500,1600,1700,1700,1850,1912.5,1900,1750,1700,1700,1655,1650,1650,1650,1649,1700,1700,1775,1950,1900,1800,1800,1800,1800,1850,1897.5,1900,1982.5,1900,1900,1950,1950,1970,1823,1900,1900,1950,1900,1995,1975,1995
DUMBO,Brooklyn,neighborhood,2997.5,3000,3000,2875,2825,2750,3200,3250,3300,3000,3300,3275,3295,3272.5,3297.5,3000,3000,3000,3000,3200,3337.5,3550,3100,3050,3100,3100,3100,2900,2972.5,3100,3200,3400,3447.5,3550,3575,4075,4000,3350,3400,3400,3375,3400,3475,3650,3650,3400,3400,3400,3650,3600,3575,3675,3700,3725,3700,3750,3650,3708,3790,3650,3700,3685,3775,3741.5,3800,3995,3716.5,3750,3762,3826,3750,3882,3900,3858,3810,3937.5,4000,3800,3977.5,3675,3762,3743.5,3872,3599,3599,3809.5,3759,3775,3750,3730
Ditmars-Steinway,Queens,neighborhood,,,,,,,,,,,,,,,,,,,,,,,,,,,,,,,,,,,,,,,,,,,,,,,,,,,,,,,,,,,,,,,,,,,,,,,,,,,,,,,,,,,,,,,,,,
Ditmas Park,Brooklyn,neighborhood,,,,,,,,,,,,,,,,,,,,,,,1450,1450,,1425,1425,,,1400,1400,1495,1472.5,1512.5,1700,,1650,1600,1525,1500,,,,1500,,1550,1500,1550,1512.5,1400,1450,1487.5,1500,1550,1512.5,1500,1563.5,1575,1500,1495,1547.5,1550,1550,1550,1500,1600,1600,1600,1600,1650,1600,1600,1700,1795,1800,1650,1700,1797.5,1772.5,1700,1750,1700,1650,1799,1750,1797,1800,1750,1825,1750
Douglaston,Queens,neighborhood,,,,,,,,,,,,,,,,,,,,,,,,,,,,,,,,,,,,,,,,,,,,,,,,,,,,,,,,,,,,,,,,,,,,,,,,,,,,,,,,,,,,,,,,,,
Downtown Brooklyn,Brooklyn,neighborhood,1976,2102,2105,2201,2407.5,2418,2474,2462,2530,2505,2516.5,2446,2500,2450,2356,2411,2349.5,2500,2500,2500,2484.5,2470,2480,2580,2307,2338,2406,2410.5,2451,2556,2550,2500,2708.5,2658,2800,2910,2897.5,2900,2900,2892.5,2897.5,2785,2850,2900,2787.5,2775,2750,2784.5,2800,2950,2991,2952,3000,2950,2954,3020,3020,3000,3032.5,2995,3039.5,3195,3325,3240,3300,3205,3160,3179.5,3195,3145,3095,3122.5,3094,3090,3129,3091.5,3050,3090,3175,3093,3077.5,3071,3030,3025,3041,3089,3065,3100,3145,3148.5
Dyker Heights,Brooklyn,neighborhood,,,,,,,,,,,,,,,,1225,,,,,,,,,,,,,,,,,,,,,,,,,,,,,,,,,,,,,,,1350,,1325,,,,1349.5,,,,,,,,,,,,,,1475,1475,1450,,,,,,,,,,,1450,1475,1500
East Brooklyn,Brooklyn,submarket,1575,1525,1500,1500,1500,1400,1400,1399,1437.5,1500,1450,1460,1500,1477.5,1550,1455,1495,1397.5,1450,1412.5,1450,1500,1600,1425,1425,1500,1525,1595,1600,1575,1575,1550,1550,1500,1600,1555,1500,1700,1700,1700,1685,1700,1700,1750,1700,1700,1700,1700,1700,1685,1700,1750,1795,1800,1800,1800,1800,1796.5,1799,1700,1700,1750,1750,1800,1850,1895,1900,1975,1900,1895,1862.5,1875,1900,1900,1912.5,1999,2000,2000,2000,2050,2000,2000,1957.5,1995,1995,1999,1995,2000,2000,2050
East Elmhurst,Queens,neighborhood,,,,,,,,,,,,,,,,,,,,,,,,,,,,,,,,,,,,,,,,,,,,,,,,,,,,,,,,,,,,,,,,,,,,,,,,,,,,,,,,,,,,,,,,,,
East Harlem,Manhattan,neighborhood,1600,1600,1600,1600,1685,1872.5,1800,1850,2125,1825,1809,2012.5,1985,1800,1800,1800,1745,1799.5,1812.5,1900,1812.5,1812.5,1837.5,1837.5,1850,1945.5,1950,2000,1975,1850,1850,1900,2050,2095,1995,2000,1897.5,1950,1881.5,1825,1872,1825,1895,1722.5,1700,1599,1662.5,1675,1775,1750,1750,1800,1750,1695,1750,1750,1700,1725,1725,1725,1700,1725,1875,1899,1900,1900,1900,1875,1895,1850,1850,1800,1850,1885,1950,1898.5,1995,1950,1950,1950,1950,1950,2012,2000,2100,2215,2197,2141,2199.5,2100
East New York,Brooklyn,neighborhood,,,,,,,,,,,,,,,,,,,,,,,,,,,,,,,,,,,,,,,,,,,,,,,,,,,1197.5,,,,,,,,,,,1275,,1250,1325,,,2099,2149.5,1674.5,,,,,,1450,1425,,,,,,,1437.5,1500,1450,1499,1500,1500,1600
East Tremont,Bronx,neighborhood,,,,,,,,,,,,,,,,,,,,,,,,,,,,,,,,,,,,,,,,,,,,,,,,,,,,1095,,,1100,1100,,,,,,,1150,,,,,,,,,,,,,,,,,,,,,,,,,,,
East Village,Manhattan,neighborhood,2395,2300,2200,2400,2519.5,2295,2290,2300,2300,2500,2600,2700,2600,2500,2497.5,2400,2625,2500,2625,2525,2625,2550,2595,2500,2795,2650,2600,2795,2895,2750,2700,2795,2695,2795,2775,2750,2750,2750,2795,2840,2750,2800,2700,2895,2825,2797.5,2725,2700,2712.5,2700,2750,2700,2750,2700,2700,2700,2695,2595,2575,2645,2600,2550,2600,2600,2650,2695,2695,2795,2795,2795,2795,2799,2850,2895,2895,2825,2850,2865,2800,2795,2795,2795,2795,2725,2750,2888,2795,2800,2800,2795
Eastchester,Bronx,neighborhood,,,,,,,,,,,,,,,,,,,,,,,,,,,,,,,,,,,,,,,,,,,,,,,,,,,,,,,,,,,,,,,,,,,,,,,,,,,,,,,,,,,,,,,,,,
Edenwald,Bronx,neighborhood,,,,,,,,,,,,,,,,,,,,,,,,,,,,,,,,,,,,,,,,,,,,,,,,,,,,,,,,,,,,,,,,,,,,,,,,,,,,,,,,,,,,,,,,,,
Elmhurst,Queens,neighborhood,,,,,,,,,,,,,,,,,,,,,,,1550,,,,,,,,1550,1550,,1950,1950,1950,1900,1900,1850,1850,1600,1722.5,2100,2100,2030,1939.5,1768,1662.5,1722.5,1924.5,1950,,1737.5,1800,1800,1850,1600,1595,1650,1650,1650,1650,1675,1650,1887.5,1662.5,1595,1925,1750,1675,1650,1700,1699.5,1700,1750,1675,1675,1775,1750,1750,1700,1750,1700,1650,1550,1675,1762,1775,1800,1803
Financial District,Manhattan,neighborhood,3200,3200,3325,3400,3462.5,3397.5,3300,3300,3165,3250,3102.5,3086,3199,3315,3350,3395,3400,3475,3500,3495,3495,3495,3450,3400,3450,3425,3395,3595,3572.5,3600,3750,3600,3659.5,3505,3650,3550,3500,3500,3475,3450,3495,3450,3450,3450,3410,3385,3591,3600,3550,3572,3615,3610,3750,3800,3785,3825.5,3835,3750,3671.5,3669,3700,3800,3799.5,3881.5,3895,3845,3900,3800,3790,3740,3660,3650,3750,3797.5,3783,3797.5,3795,3800,3840,3842.5,3775,3750.5,3650,3653,3653,3700,3720,3800,3837,3810
Flatbush,Brooklyn,neighborhood,,,,,,,,,1125,,,,,,,,,,,,,1250,1250,,,,,,,,,1362.5,1362.5,1250,1225,,1202.5,1300,1200,1200,1200,1385,1338,1338,1350,1350,1375,1350,1350,1400,1400,1362.5,1350,1385,1400,1450,1500,1500,1475,1400,1399.5,1450,1500,1450,1400,1450,1500,1500,1449.5,1475,1500,1500,1550,1562.5,1500,1500,1550,1600,1600,1650,1668,1675,1650,1650,1662.5,1650,1695,1697.5,1650,1650
Flatiron,Manhattan,neighborhood,3547.5,3595,3472.5,3600,3650,3625,3800,3647.5,3595,3595,3497.5,3825,3895,3937.5,3997,4000,4000,3925,4095,3995,4150,3850,3800,4100,3800,3950,3925,3750,4200,4200,3995,3950,3950,3873,3895,3895,3847.5,3895,3737.5,3800,3895,4225,4200,4197.5,4290,4295,4000,4195,4200,4400,4350,4397.5,4395,4200,4295,4395,4390,4235,4255,4250,4395,4595,4900,4870,4900,4895,4800,4795,4797.5,4795,4650,4687.5,4600,4770,4650,4650,4600,4700,4685,4595,4585,4600,4550,4500,4475,4450,4495,4500,4595,4595
Flatlands,Brooklyn,neighborhood,,,,,,,,,,,,,,,,,,,,,,,,,,,,,,,,,,,,,,,,,,,,,,,,,,,,,,,,,,,,,,,,,,,,,,,,,,,,,,,,,,,,,,,,,,
Floral Park,Queens,neighborhood,,,,,,,,,,,,,,,,,,,,,,,,,,,,,,,,,,,,,,,,,,,,,,,,,,,,,,,,,,,,,,,,,,,,,,,,,,,,,,,,,,,,,,,,,,
Flushing,Queens,neighborhood,1250,1275,1275,1250,1300,1275,1300,,,1275,,1250,1295,,1275,1275,1275,1295,1295,1362.5,1350,1295,1262.5,,,,,1300,1325,1350,1375,1350,1350,1350,1362.5,1350,1337.5,1350,1300,1400,1350,1350,1337.5,1400,1450,,1472.5,1425,1400,1402.5,1397.5,1437.5,1475,1495,1550,1580,1575,1475,1400,1500,1500,1500,1425,1550,1575,1537.5,1550,1595,1650,1600,1575,1500,1550,1700,1700,1750,1700,1700,1675,1700,1662.5,1650,1650,1675,1700,1725,1696,1696,1699.5,1725
Fordham,Bronx,neighborhood,,,,,,,,,,,,,,,,,,,,,,,,,,,,,,,,,,,,,,,,,,,,,,,,,,,,,,,,,,,,,,1187.5,,,,1225,1200,,,1250,1300,1300,1300,1275,1312.5,1275,1275,1375,1350,1350,1350,1345,1400,1400,1400,1350,1400,1425,1450,1450
Forest Hills,Queens,neighborhood,1572.5,1550,1550,1550,1500,1575,1600,1650,1550,1575,1575,1531,1512,1500,1575,1612.5,1637.5,1625,1625,1675,1687.5,1675,1650,1662.5,1600,1600,1795,1795,1800,1797.5,1725,1795,1795,1712.5,1650,1650,1650,1650,1550,1597.5,1662.5,1700,1750,1787,1762.5,1800,1750,1700,1725,1750,1800,1762.5,1750,1850,1825,1800,1850,1800,1800,1800,1950,2000,1950,1875,1850,1850,1895,1937.5,1925,1837.5,1850,1850,1812.5,1800,1800,1900,1900,1900,1850,1895,1924.5,1900,1899,1899.5,1850,1900,1900,1895,1875,1900
Fort Greene,Brooklyn,neighborhood,2050,1987.5,1975,1995,1925,1987.5,2050,2100,2000,2250,2275,2262.5,2262.5,2275,2075,2295,2197.5,2297.5,2362.5,2297.5,2325,2337.5,2500,2425,2500,2499.5,2400,2400,2450,2450,2475,2450,2397.5,2322.5,2295,2450,2550,2600,2600,2322.5,2395,2350,2495,2500,2447.5,2395,2500,2550,2500,2572.5,2500,2595,2700,2650,2600,2600,2500,2500,2550,2600,2600,2550,2600,2600,2550,2525,2672.5,2700,2600,2595,2600,2600,2600,2600,2675,2600,2695,2750,2700,2725,2800,2780,2700,2550,2625,2662.5,2800,2900,2900,2800
Fresh Meadows,Queens,neighborhood,,,,,,,,,,,,,,,,,,,,,,,,,,,,,,,,,,,,,,,,,,,,,,,,,,,,,,,,,,,,,,,,,,,,,,,,,,,,,,,,,,,,,,,,,,
Gerritsen Beach,Brooklyn,neighborhood,,,,,,,,,,,,,,,,,,,,,,,,,,,,,,,,,,,,,,,,,,,,,,,,,,,,,,,,,,,,,,,,,,,,,,,,,,,,,,,,,,,,,,,,,,
Glen Oaks,Queens,neighborhood,,,,,,,,,,,,,,,,,,,,,,,,,,,,,,,,,,,,,,,,,,,,,,,,,,1750,,,,,,,,,,,,,,,,,,,,,,,,,,,,,,,,,,,,,,,,
Glendale,Queens,neighborhood,,,,,,,,,,,,,,,,,,,,,,,,,,,,,,,,,,,,,,,,,,,,,,,,,,,,,,,,,,,,,,,,,,,,,,1550,,,1650,1650,1650,1650,1750,1600,1600,1599,,1500,1525,1550,1700,1550,1599.5,1600,,1562.5
Gowanus,Brooklyn,neighborhood,,,,,,,,,,,,,,,,,2150,,2940,,,,,,,,,,,,,,,,2775,2500,2400,3000,3067,3033.5,2950,2875,2644,2644,2500,2325,2450,2475,2500,2500,2200,,2550,2550,2700,2200,2250,2200,2500,2500,2500,2500,2500,2500,2550,2600,2500,2675,2675,2400,2100,2100,2600,2400,2800,3000,3037,2497.5,2750,3176,3000,2867,2991,2991,2500,2500,2650,2400,2500,2695
Gramercy Park,Manhattan,neighborhood,3200,3125,3100,3200,3250,3100,3200,3225,3300,3300,3400,3375,3195,3275,3250,3150,3100,3400,3300,3250,3400,3500,3497.5,3472.5,3395,3395,3447.5,3350,3350,3425,3250,3200,3295,3500,3500,3425,3200,3497.5,3500,3500,3500,3450,3495,3350,3572.5,3497.5,3500,3562.5,3500,3447.5,3495,3497.5,3400,3595,3500,3495,3500,3550,3500,3600,3700,3550,3000,3250,3389.5,3650,3600,3500,3625,3500,3500,3550,3700,3795,3850,3875,3800,3712.5,3795,3750,3600,3500,3200,3300,3450,3652.5,3595,3700,3500,3500
Gravesend,Brooklyn,neighborhood,,,,,,,,,,,,,1247,1215,,,,,,,,,,,,,,,,,,,,1237.5,1225,,1375,1362.5,1325,1350,1375,1375,1393,1362.5,1337.5,1350,1375,1325,1325,1450,1397.5,1385,1400,1400,1400,1400,1362.5,1400,1495,1425,1450,,1450,1425,1500,1512.5,1499,1524.5,1499,1300,1475,1400,1475,1500,1537.5,1685,1687.5,1600,1562.5,1600,1625,1600,1599,1599,1600,1600,1600,1597.5,1600,1650
Greenpoint,Brooklyn,neighborhood,1950,1950,1950,1899.5,1997.5,1875,1900,1875,2350,2500,2400,2350,2000,1950,,1800,1800,2000,2200,2000,2000,2500,2150,1950,2047.5,2150,2100,2000,2300,2200,1997.5,2100,2200,2000,2100,2200,2000,2000,2200,2200,2200,2350,2350,2350,2495,2400,2300,2399.5,2495,2447.5,2300,2400,2500,2500,2500,2500,2500,2400,2475,2350,2237.5,2325,2300,2500,2450,2499.5,2500,2500,2500,2550,2400,2300,2328.5,2350,2400,2522.5,2500,2550,2500,2400,2450,2500,2499.5,2400,2395,2400,2400,2499,2499,2550
Greenwich Village,Manhattan,neighborhood,3200,3200,3000,3000,3000,3122.5,3000,3000,3595,3700,3397.5,3400,3400,3650,3250,3250,3400,3295,3097.5,3397.5,3700,3525,3550,3595,3650,3500,3600,3700,3600,3450,3500,3500,3625,3585,3475,3450,3450,3500,3600,3500,3462.5,3495,3597.5,3500,3497.5,3550,3650,3680.5,3750,3850,3825,3750,3812.5,3600,3372.5,3397.5,3500,3750,3895,3850,3895,3850,3800,3697.5,3695,3525,3600,3999.5,4100,4200,4000,4095,3950,3795,3797.5,3875,3700,3750,3795,3700,3795,3950,3800,3850,3850,3900,3900,3800,3712.5,3675
Greenwood,Brooklyn,neighborhood,1700,,,,1775,1750,,,,,,,,1395,,,,,,,,,,,,,1625,1600,1550,,,,,,,,,,,,1672.5,1875,1875,1887.5,2050,1875,1725,1800,1725,1800,1787.5,1762.5,1800,1820,1850,1850,1895,1712.5,1700,1750,1750,2000,2000,2000,2000,1955,1995,2025,2000,1900,1950,1997,2024.5,1950,2000,2000,1900,1899,1900,1972.5,1925,1800,1950,1925,1850,1985,1974,1987.5,1995,2000
Hamilton Heights,Manhattan,neighborhood,1400,1450,1500,1497.5,1495,1575,1450,1397.5,1575,1587.5,1587.5,1622.5,1595,1562.5,1595,1600,1599,1580,1700,1700,2062.5,1962.5,1875,1875,1800,1650,1575,1575,1750,1725,1650,1700,1575,1672.5,1700,1699.5,1600,1600,1575,1572.5,1600,1600,1597.5,1750,1800,1700,1600,1600,1600,1650,1550,1750,1800,1800,1699,1700,1750,1850,1895,1800,1700,1797.5,1795,1700,1850,1850,1850,1850,1795,1785,1800,1795,1800,1800,1900,1850,1812.5,1850,1897.5,1850,1850,1900,1900,1899,1899.5,1900,1895,1897.5,1900,1900
Highbridge,Bronx,neighborhood,,,,,,,,,,,,,,,,,,,,,,,,,,,,,,,,,,,,,,,,,,,,,,,,,,,,,,,,,,,,,,,,,,,,,,,,,,,,,,,,,,,,1350,,1495,,,1495,1495
Hillcrest,Queens,neighborhood,,,,,,,,,,,,,,,,,,,,,,,,,,,,,,,,,,,,,,,,,,,,,,,,,,,,,,,,,,,,,,,,,,,,,,,,,,,,,,,,,,,,,,,,,,
Hollis,Queens,neighborhood,,,,,,,,,,,,,,,,,,,,,,,,,,,,,,,,,,,,,,,,,,,,,,,,,,,,,,,,,,,,,,,,,,,,,,,,,,,,,,,,,,,,,,,,,,
Howard Beach,Queens,neighborhood,,,,,,,,,,,,,,,,,,,,,,,,,,,,,,,,,,,,,,,,,,,,,,,,,,,,,,,,,,,,,,,,,,,,,,1400,1400,,,,,,,,,,,,,,,,,,,
Hunts Point,Bronx,neighborhood,,,,,,,,,,,,,,,,,,,,,,,,,,,,,,,,,,,,,,,,,,,,,,,,,,,,,,,,,,,,,,,,,,,,,,,,,,,,,,,,,,,,,,,,,,
Inwood,Manhattan,neighborhood,1125,1150,1195,1256,1274.5,1250,1299,,,1450,1500,1375,1500,1550,1550,1475,1350,1350,1350,1350,,1450,1350,1400,1412.5,1425,1450,1402.5,1387.5,1377.5,1400,1462.5,1412.5,1312.5,1300,1345,1362.5,1350,1387.5,1372.5,1350,1495,1425,1437.5,1497.5,1450,1425,1450,1450,1475,1475,1475,1475,1450,1500,1512.5,1537.5,1537.5,1550,1500,1500,1500,1500,1499.5,1537.5,1595,1595,1600,1575,1625,1637.5,1650,1650,1650,1597.5,1600.5,1650,1662.5,1697.5,1600,1650,1641.5,1645,1675,1600,1600,1650,1695,1725,1725
Jackson Heights,Queens,neighborhood,,,,,,,,,,,,,,,,,1350,1375,1300,1312.5,,,,,,,,,,,1448,,,,,,1445,,1450,1650,1500,,,1475,1550,1500,1512.5,1500,1550,1600,1700,1700,1700,1700,1675,1650,1625,1700,1700,1700,1700,1700,1725,1700,1700,1700,1772.5,1700,1797.5,1725,1750,1750,1775,1800,1800,1772.5,1800,1800,1800,1800,1742,1750,1800,1775,1762.5,1775,1800,1750,1800,1800
Jamaica,Queens,neighborhood,,,,,,,,,,,,,,,,,,,,,,,,,,,,,,,,,,,,,,,,,,,,,,,,,,,,,,,,,,,,,,,,,,,,,,,,,,,,,,,,,,,1833,1816.5,1833,1875,1950,1975,1937.5,2383
Jamaica Estates,Queens,neighborhood,,,,,,,,,,,,,,,,,,,,,,,,,,,,,,,,,,,,,,,,,,,,,,,,,,,,,,,,,,,,,,,,,,1650,1599,,,1650,1650,1562.5,,,1572.5,,1625,,,,,1695,1625,1612,,,,,,1650
Jamaica Hills,Queens,neighborhood,,,,,,,,,,,,,,,,,,,,,,,,,,,,,,,,,,,,,,,,,,,,,,,,,,,,,,,,,,,,,,,,,,,,,,,,,,,,,,,,,,,,,,,,,,
Kensington,Brooklyn,neighborhood,1500,1300,1300,,1525,1375,1400,1400,,,1362.5,,,,,,1850,1725,1525,1625,,,1225,1262.5,1312.5,1300,1250,1350,1350,,,1500,1550,1690,,1600,1500,1425,,,,1500,1475,1525,1600,1695,1700,1575,1550,1575,1675,1700,1686.5,1700,1599.5,1595,1592.5,1725,1592.5,1550,1575,1700,1750,1750,1750,1700,1664,1700,1697.5,1723.5,1737.5,1750,1650,1650,1650,1650,1700,1750,1775,1750,1744.5,1725,1725,1700,1699,1700,1722.5,1725,1725,1725
Kew Gardens,Queens,neighborhood,,,,,,,,,,,,,,,1395,,,,,,,,,,,,,1400,1637.5,1750,1550,1475,,,,,,1500,1475,1500,,1450,1450,1412.5,1450,1450,1575,1450,1450,1487.5,1500,1500,1650,1650,1650,1550,1650,1650,1625,1650,1675,1662.5,1650,1750,1750,1700,1750,1850,1775,1700,1712.5,1698,1750,1750,1700,1800,1800,1800,1837.5,1800,1795,1797.5,1800,1800,1750,1750,1792.5,1800,1800,1750
Kew Gardens Hills,Queens,neighborhood,,,,,,,,,,,,,,,,,,,,,,,,,,,,,,,,,,,,,,,,,,,,,,,,,,,,,,,,,,,,,,1550,1550,1550,1550,1550,,,,,1875,,,,,1875,,1650,1975,,,,1991,1845.5,1849.5,1700,1999,1700,1700,1700
Kingsbridge,Bronx,neighborhood,1168.5,,,,,,,,,,,,,,,,,,,,,,,,,,,,,,,,,1247.5,,,,,,,1175,1150,,,,,1200,1200,,1200,1200,1350,1400,1700,1629.5,1350,1300,1325,1400,1400,1350,1350,1350,1325,1325,1325,1300,1325,1475,1462.5,1425,1425,1450,1450,1437.5,1475,1475,1487.5,1550,1695,1575,1500,1550,1550,1550,1550,1550,1550,1685,1495
Laconia,Bronx,neighborhood,,,,,,,,,,,,,,,,,,,,,,,,,,,,,,,,,,,,,,,,,,,,,,,,,,,,,,,,,,,,,,,,,,,,,,,,,,,,,,,,,,,,,,,,,,
Laurelton,Queens,neighborhood,,,,,,,,,,,,,,,,,,,,,,,,,,,,,,,,,,,,,,,,,,,,,,,,,,,,,,,,,,,,,,,,,,,,,,,,,,,,,,,,,,,,,,,,,,
Lenox Hill,Manhattan,neighborhood,2995,2995,2995,2995,3150,3240,3100,3000,3095,3200,3075,3050,3000,3200,3225,3300,3200,3200,3100,3150,3372,3472.5,3400,3400,3450,3295,3290,3312.5,3125,3350,3400,3400,3350,3295,3300,3295,3200,3300,3295,3100,3050,3050,3100,3295,3250,3250,3400,3425,3285,3225,3200,3325,3200,3300,3250,3100,3150,3200,3300,3300,3200,3400,3300,3350,3450,3500,3495,3500,3500,3425,3495,3550,3562.5,3500,3550,3500,3400,3522,3350,3300,3400,3375,3495,3495,3450,3495,3495,3500,3500,3500
Lincoln Square,Manhattan,neighborhood,3000,3000,2950,3000,3350,3350,3200,3200,3297.5,3295,3250,3250,3200,3250,3200,3250,3250,3383.5,3307.5,3445,3345,3340,3300,3400,3425,3400,3312.5,3495,3447.5,3375,3375,3457.5,3500,3580,3500,3497.5,3450,3395,3450,3450,3460,3495,3500,3525,3591,3605,3560,3500,3460,3455,3450,3500,3582.5,3620,3592.5,3595,3570,3512.5,3582.5,3500,3500,3577,3600,3660,3675,3792.5,3800,3880,3862.5,3800,3792.5,3700,3695,3700,3700,3720,3705,3600,3610,3640,3682.5,3600,3599.5,3570,3550,3550,3600,3657.5,3750,3695
Little Italy,Manhattan,neighborhood,2800,2650,2450,2195,2200,2200,2195,2195,3950,3995,2895,2600,2425,2322.5,2500,2195,2125,2100,2300,2300,,2500,2350,,2400,2100,,,2062.5,2100,2195,2300,2300,2225,2450,3100,2637.5,2600,2600,2535,2495,2349,2250,2500,2600,2647.5,2600,3150,3150,3200,2995,2850,2497.5,2700,2800,3100,2950,2400,2400,2300,2495,2495,2575,2895,2350,2400,2499,2400,3200,2412.5,2462.5,2400,2400,2575,2650,2525,2725,2650,2600,2600,2597.5,2595,2560,2500,2500,2499.5,2500,2650,2699,2700
Little Neck,Queens,neighborhood,,,,,,,,,,,,,,,,,,,,,,,,,,,,,,,,,,,,,,,,,,,,,,,,,,,,,,,,,,,,,,,,,,,,,,,,,,,,,,,,,,,,,,,,,,
Long Island City,Queens,neighborhood,2280,2190,2169,2111.5,2350,2655,2640,2612.5,2656,2650,2630,2528.5,2500,2575,2690,2742.5,2800,2815,2650,2712.5,2775,2710,2700,2600,2637.5,2890,2870,2905,2795,2800,2795,2795,2800,2815,2750,2700,2650,2725,2650,2800,2850,2830,2750,2775,2750,2675,2745,2700,2830,2780,2700,2939.5,2907.5,2975,2905,2900,2830,2900,2875,2900,2905,2937.5,2900,2942.5,2760,2850,2970,2925,2897.5,2765,2728,2750,2657,2800,2950,2997.5,3076,3086,3030,2995,2914,2817,2847,2700,2770,2684,2713,2750,2750,2797.5
Longwood,Bronx,neighborhood,,,,,,,,,,,,,,,,,,,,,,,,,,,,,,,,,,,,,,,,,,,,,,,,,,,,,,,,,,,,,,,,,,,,,,,,,,,,,,,,,,,,,,,,,,
Lower East Side,Manhattan,neighborhood,1995,1937.5,1875,1850,1997.5,2137.5,2137.5,2050,2195,2300,2300,2200,2225,2200,2195,2100,2195,2195,2195,2200,2250,2250,2200,2160,2195,2350,2300,2450,2350,2350,2350,2372.5,2495,2395,2395,2395,2395,2395,2400,2450,2395,2372.5,2350,2300,2400,2295,2300,2395,2395,2450,2495,2497.5,2556,2595,2595,2595,2500,2450,2500,2500,2495,2550,2495,2495,2500,2650,2675,2650,2695,2600,2600,2600,2700,2650,2597.5,2595,2600,2700,2750,2750,2700,2600,2600,2495,2500,2650,2597.5,2600,2650,2594
Manhattan,Manhattan,borough,2650,2650,2600,2700,2700,2750,2800,2800,2850,2850,2822.5,2800,2800,2850,2850,2900,2950,3000,2995,3000,3000,3000,3050,3000,3000,3000,3000,3095,3095,3000,3000,3000,3095,3010,3017.5,3095,3000,3100,3135,3100,3095,3000,3000,3100,3150,3147.5,3195,3195,3150,3175,3195,3200,3206,3200,3100,3100,3100,3100,3100,3184.5,3200,3200,3200,3236,3250,3250,3295,3300,3300,3250,3200,3250,3250,3257,3300,3300,3300,3299,3249.5,3200,3200,3200,3195,3194,3150,3200,3195,3200,3200,3200
Manhattan Beach,Brooklyn,neighborhood,,,,,,,,,,,,,,,,,,,,,,,,,,,,,,,,,,,,,,,,,,,,,,,,,,,,,,,,,,,,,,,,,,,,,,,,,,,,,,,,,,,,,,,,,,
Manhattan Valley,Manhattan,neighborhood,1997.5,1995,1900,1800,1800,1800,1850,1947.5,1995,1985,2200,2050,2050,2250,2350,2100,2200,2200,2200,2150,2200,2347,2225,2200,2200,2100,2100,2297.5,2250,2300,2325,2350,2300,2295,2300,2300,2372.5,2372.5,2300,2297.5,2297.5,2425,2400,2395,2300,2350,2200,2200,2225,2300,2295,2295,2300,2297.5,2325,2400,2400,2300,2350,2400,2400,2400,2375,2350,2350,2350,2395,2350,2400,2397.5,2487.5,2397.5,2395,2495,2400,2425,2450,2495,2495,2525,2395,2397.5,2400,2400,2395,2400,2425,2450,2425,2450
Manhattanville,Manhattan,neighborhood,,,,,,,,,,,,,,,,,,,,,,,,,,,,,,,,,,,,,,,,,,,,,,,,,,,,,,,,,,,,,,,,,,,,,,,,,,,,,,,,,,,,,,,,,,
Marble Hill,Manhattan,neighborhood,,,,,,,,,,,,,,,,,,,,,,,,,,,,,,,,,,,,,,,,,,,,,,,,,,,,,,,,,,,,,,,,,,,,,,,,,,,,,,,,,,,,,,,,,,
Marine Park,Brooklyn,neighborhood,,,,,,,,,,,,,,,,,,,,,,,,,,,,,,,,,,,,,,,,,,,,,,,,,,,,,,,,,,,,,,,,,,,,,,,,,,,,,,,,,,,,,,,,,,
Maspeth,Queens,neighborhood,,,,,,,,,,,,,,,,,,,,,,,,,,,,,,,,,,,,,,,,,,,,,,,,,,,,,,,,,,,,,,,,,,,,,,,,,,,,,,,,,,,,,,,,,,
Melrose,Bronx,neighborhood,,,,,,,,,,,,,,,,,,,,,,,,,,,,,,,,,,,,,,,,,,,,,,,,,,,,,,,,,,,,,,,,,,,,,,,,,,,,,,,,,,,,,,,,,,
Middle Village,Queens,neighborhood,,,,,,,,,,,,,,,,,,,,,,,,,,,,,,,,,,,,,,,,,,,,,,,,,,,,,,,,,,,,,,,,,,,,,,,,,,,,,,,,,,,,,,,,,1662.5,1675
Midtown,Manhattan,neighborhood,3300,3475,3500,3700,3600,3600,3500,3500,3500,3500,3500,3500,3600,3600,3572.5,3750,3700,3700,3900,3950,3800,3800,3800,3600,3650,3695,3675,3675,3750,3700,3800,3795,3750,3800,3800,3800,3750,3700,3700,3795,3700,3750,3750,3750,3700,3700,3637.5,3675,3725,3785,3815.5,3750,3795,3795,3771.5,3750,3750,3850,3900,3881,3900,3862.5,3812.5,3895,4000,3988,3995,3850,3850,3850,3850,3750,3737.5,3800,3775,3787.5,3850,3881,3900,3800,3800,3750,3700,3768,3700,3700,3650.5,3750,3795,3825
Midtown East,Manhattan,neighborhood,2650,2700,2700,2750,2800,2800,2850,2895,2895,2845,2895,2850,2895,2895,2900,3000,3000,3045,3150,3100,3100,3100,3100,3072.5,3100,3100,3095,3100,3150,3150,3000,3100,3161,3100,3100,3100,3100,3195,3100.5,3100,3100,3200,3200,3200,3200,3200,3200,3290,3200,3200,3200,3250,3250,3300,3250,3250,3200,3250,3250,3275,3295,3300,3327,3300,3350,3400,3450,3395,3388,3295,3295,3300,3295,3359,3385,3395,3400,3395,3350,3300,3300,3295,3295,3295,3295,3350,3350,3395,3362.5,3350
Midtown South,Manhattan,neighborhood,2850,2800,3000,3212.5,3315,3225,3275,3212.5,3200,3200,3250,3300,3300,3300,3295,3300,3300,3395,3300,3397.5,3250,3300,3462.5,3425,3500,3300,3250,3300,3525,3500,3500,3497.5,3500,3495,3490,3437.5,3400,3500,3500,3450,3500,3500,3500,3514,3501.5,3503,3572.5,3460,3425,3500,3450,3500,3700,3650,3600,3637.5,3525,3500,3650,3650,3650,3600,3600,3679,3750,3695,3600,3850,3895,3700,3680,3700,3850,3870,3895,3750,3885,3865,3829,3864,3886,3925,3895,3830,3650,3695,3957.5,3886,3800,3738
Midtown West,Manhattan,neighborhood,2637.5,2690,2650,2660,2775,2797,2990,2900,2950,2995,2900,2900,2900,2982.5,3055,3088.5,3200,3100,3160,3200,3162.5,3150,3157.5,3170,3092.5,3000,3200,3215,3290,3290,3250,3250,3292.5,3300,3300,3300,3250,3200,3250,3250,3250,3290,3250,3297.5,3282.5,3262,3274.5,3300,3325,3350,3413,3470,3495,3500,3450,3400,3400,3400,3400,3400,3350,3350,3400,3411,3500,3500,3490,3495,3450,3362.5,3316,3350,3254,3300,3382.5,3495,3500,3499,3400,3400,3388,3348,3300,3295,3292.5,3369,3301,3397.5,3479,3461
Midwood,Brooklyn,neighborhood,,,,,,,,,,,,,,,,,,,,,1300,1375,1450,1250,1300,1300,1300,1350,,1375,1375,1300,1300,1300,1300,1300,1300,1250,1225,1250,1250,1250,1325,1300,1300,1300,1300,1275,1295,1350,1350,1350,1385,1400,1450,1450,1450,1450,1425,1449,1397.5,1400,1450,1472.5,1497,1500,1500,1512.5,1500,1500,1550,1550,1525,1550,1515,1507.5,1542.5,1549,1625,1595,1595,1567,1550,1595,1615,1600,1650,1600,1599.5,1585
Mill Basin,Brooklyn,neighborhood,,,,,,,,,,,,,,,,,,,,,,,,,,,,,,,,,,,,,,,,,,,,,,,,,,,,,,,,,,,,,,,,,,,,,,,,,,,,,,,,,,,,,,,,,,
Morningside Heights,Manhattan,neighborhood,1797.5,1850,2050,2000,2025,2097.5,2150,1887.5,1810,,,,,2195,2195,2172.5,2350,2350,2150,2150,2375,2250,1950,,,2000,2200,2391,2872.5,2587.5,2500,2495,,,,2050,2000,2450,2347.5,2300,2475,2592.5,2595,2597.5,2595,2812.5,2775,2775,3350,3167.5,3400,3515,3507.5,3565,3625,3600,3580,3450,3437.5,3425,2972.5,3260,3000,3395,3587.5,3895,4032.5,3950,2972.5,3287.5,2825,2800,2900,3184,3235,3189,3189,3240,3263.5,3208,3200,2945,2800,2800,2780,2695,2725,2784,2928,2500
Morris Heights,Bronx,neighborhood,,,,,,,,,,,,,,,,,,,,,,,,,,,,,,,,,,,,,,,,,,,,,,,,,,,,,,,,,,1250,1250,1295,1295,1295,,,,,,,,,,,,,1350,,,,,,1450,1525,,,,,,,,
Morris Park,Bronx,neighborhood,,,,,,,,,,,,,,,,,,,,,,,,,,,,,,,,,,,,,,,,,,,,,,,,,,,,,,,,,,,,,,,,,,,,,,,,,,,,,,,,,,,,,,,,,,
Morrisania,Bronx,neighborhood,,,,,,,,,,,,,,,,,,,,,,,,,,,,,,,,,,,,,,,,,,,,,,,,,,,,,,,,,,,,,,,,,,,,,,,,,,,,,,,,,,,,,,,,,,
Mott Haven,Bronx,neighborhood,,,,,,,,,,,,,,,,,,,,,,,,,,,,,,,,,,,,,,,,,,,,,,,,,,,,,,,,,,,,,,1700,1700,,,,,,,,,,,,,,,,,,,,,,,,,1950,1950,1950
NYC,,city,2495,2500,2450,2500,2500,2600,2600,2600,2700,2695,2650,2650,2621,2650,2650,2700,2700,2800,2750,2800,2850,2850,2895,2850,2850,2850,2875,2900,2895,2862.5,2850,2850,2900,2885,2875,2900,2850,2900,2950,2904,2900,2875,2850,2900,2900,2876,2850,2875,2850,2850,2850,2875,2900,2860,2750,2750,2700,2650,2650,2695,2700,2700,2700,2750,2750,2750,2775,2795,2750,2735,2700,2750,2795,2800,2800,2800,2850,2800,2796,2774.5,2750,2700,2680.5,2654,2600,2600,2595,2600,2600,2595
New Hyde Park,Queens,neighborhood,,,,,,,,,,,,,,,,,,,,,,,,,,,,,,,,,,,,,,,,,,,,,,,,,,,,,,,,,,,,,,,,,,,,,,,,,,,,,,,,,,,,,,,,,,
Nolita,Manhattan,neighborhood,2650,2595,2495,2650,2500,2600,2625,2795,2825,2900,2700,2750,2800,2862.5,2725,2950,2575,2400,2947.5,3085,3085,2575,2875,2900,3247.5,3295,3295,3297.5,3495,3395,3295,3295,3000,3097.5,3000,3047.5,3047.5,3000,3095,3095,3200,3285,3300,3295,3295,2500,3197.5,3062.5,3000,2985,2995,3200,3100,3297.5,3395,3450,3400,3297.5,3395,3300,3395,3200,3400,3595,3329,3316.5,3250,3195,3200,3347.5,3195,3147,3295,3295,3350,3595,3595,3595,3395,3464,3372.5,3350,3325,3150,3300,3395,3395,3395,3400,3300
North Brooklyn,Brooklyn,submarket,2290.5,2295.5,2300,2300,2300,2400,2500,2400,2500,2535,2520,2500,2500,2425,2700,2700,2650,2800,2721,2518.5,2650,2700,2700,2800,2850,2850,2800,2850,2925,2900,2762.5,3000,3092,3000,3000,3000,2893.5,2850,2845,2850,2900,2999.5,3070,2979,2910,2899,2900,2865,2875,2875,2887,2933,2995,3021.5,3060,3100,2900,2800,2936,2980,2900,2930,2860.5,2900,2800,2895,2900,2900,2800,2900,2856,2812,2930,2800,2782,2752.5,2750,2752.5,2800,2800,2748,2800,2800,2800,2700,2704,2700,2690,2650,2700
North Corona,Queens,neighborhood,,,,,,,,,,,,,,,,,,,,,,,,,,,,,,,,,,,,,,,,,,,,,,,,,,,,,,,,,,,,,,1462.5,1462.5,,,1562.5,1537.5,,,,,,1550,1575,1695,,,,,,,,,,,1604,1662.5,1650,1626,1650
North New York,Bronx,neighborhood,,,,,,,,,,,,,,,,,,,,,,,,,,,,,,,,,,,,,,,,,,,,,,,,,,,,,,,,,,,,,,,,,,,,,,,,,,,,1500,1500,,1700,1696,,,,,,,,,,
Northeast Flatbush,Brooklyn,neighborhood,,,,,,,,,,,,,,,,,,,,,,,,,,,,,,,,,,,,,,,,,,,,,,,,,1300,1300,1275,1295,,,1387.5,1375,1350,1275,1200,1200,1200,1250,1300,1395,1395,1395,1400,1400,1450,1395,1395,1400,1425,1450,1450,1495,1495,1500,1500,1550,1575,1600,1550,1500,1550,1550,1550,1650,1650,1600
Northeastern Queens,Queens,submarket,1350,1350,1400,1375,1350,1325,1350,1425,1325,1375,1375,1300,1300,1300,1299.5,1300,1300,1300,1325,1375,1350,1300,1300,1387.5,1362.5,1375,1399.5,1385,1399,1385,1425,1375,1375,1395,1400,1400,1375,1425,1400,1450,1450,1425,1450,1450,1450,1465,1500,1450,1450,1495,1500,1500,1525,1592,1617.5,1597.5,1600,1600,1612.5,1600,1550,1550,1550,1595,1600,1600,1600,1600,1662.5,1695,1695,1650,1695,1700,1700,1750,1750,1725,1750,1700,1695,1695,1695,1700,1662.5,1700,1700,1700,1700,1700
Northwest Brooklyn,Brooklyn,submarket,1975,2000,2000,2000,2100,2150,2250,2262.5,2300,2275,2200,2152,2197.5,2285,2300,2300,2300,2358,2400,2498,2500,2500,2422,2500,2500,2500,2500,2500,2500,2500,2500,2550,2672.5,2625,2600,2700,2600,2700,2800,2700,2700,2700,2700,2700,2700,2650,2575,2600,2650,2650,2700,2700,2750,2725,2700,2700,2635,2650,2650,2650,2695,2650,2675,2750,2700,2700,2700,2700,2795,2750,2720,2662.5,2725,2735,2800,2800,2800,2800,2800,2800,2800,2800,2750,2700,2738,2701,2784.5,2750,2800,2800
Northwestern Queens,Queens,submarket,1600,1627.5,1622.5,1600,1681,1995,1939,1995,2300,2400,2399,1850,1600,1800,1725,1775,1900,1950,1875,2000,2100,1975,2150,2097.5,1950,2845,2770,2770,2725,2705,2713,2740,2625,2562.5,2326.5,2300,2200,2150,2100,2100,2150,2200,2200,2595,2600,2295,2299.5,2200,2200,2100,2050,2200,2150,2400,2200,2100,2000,2100,2000,1950,2000,1997.5,1950,2000,2000,2095,2100,2100,2100,2100,2040,2100,2100,2125,2200,2225,2250,2300,2200,2350,2300,2200,2200,2100,2095,2000,2000,2000,2000,2000
Norwood,Bronx,neighborhood,,,,,,,,,,,,,,,,,,,,,,,,,,,,,,,,,,,,,,,,,,,,,,,,,,,,,,,,,,,,1295,1295,1350,1449,1350,1300,1312.5,1337.5,1300,1300,1312.5,1350,1350,1350,1350,1350,1399.5,1362.5,1350,1375,1375,1385,1400,1395,1450,1425,1350,1412.5,1397.5,1450,1450
Oakland Gardens,Queens,neighborhood,,,,,,,,,,,,,,,,,,,,,,,,,,,,,,,,,,,,,,,,,,,,,,,,,,,,,,,,,,,,,,,,,,,,,,,,,,,,,,,,,,,,,,,,,,
Ocean Parkway,Brooklyn,neighborhood,,,,,,,,,,,,,,1287.5,,,,,,,,,,,,,,,,,,,,,,1350,1350,1375,1362.5,,,,,,,,1400,,,,,,,1400,1450,1450,1395,1400,1375,1400,1475,1475,,1495,1495,1485,1450,1495,1512.5,1500,1487.5,1497.5,1525,1550,1575,1575,1612.5,1550,,1625,,,,1587.5,1595,1597.5,1625,1637.5,1650,1650
Old Mill Basin,Brooklyn,neighborhood,,,,,,,,,,,,,,,,,,,,,,,,,,,,,,,,,,,,,,,,,,,,,,,,,,,,,,,,,,,,,,,,,,,,,,,,,,,,,,,,,,,,,,,,,,
Ozone Park,Queens,neighborhood,,,,,,,,,,,,,,,,,,,,,,,,,,,,,,,,,,,,,,,,,,,,,,,,,,,,,,,,,,,,,,,,,,,,,,,,,,,,,,,,,,,,,,,,,,
Park Slope,Brooklyn,neighborhood,1900,1850,1800,1850,1850,1900,1972.5,1995,1975,1950,1875,1997.5,1850,2100,2100,2000,2100,2175,2250,2200,2175,2300,2400,2350,2350,2300,2300,2300,2267,2250,2250,2275,2300,2250,2300,2350,2300,2300,2300,2200,2200,2400,2400,2450,2450,2450,2445,2400,2400,2300,2300,2395,2395,2400,2450,2485,2500,2500,2397.5,2400,2500,2500,2500,2500,2500,2475,2495,2500,2500,2495,2500,2500,2550,2500,2500,2525,2500,2500,2500,2500,2500,2500,2500,2500,2495,2500,2500,2495,2500,2500
Parkchester,Bronx,neighborhood,,,,,,,,,,,,,,,,,,,,,,,,,,,,,,,,,,,,,,,,,,,,,,,,,,,,,,,1195,1195,1225,1212.5,1195,1195,1194.5,,,,,,1225,1216,1202.5,1255,,,,,,,,,,,,1305,1350,1425,1425,,,,,1375
Pelham Bay,Bronx,neighborhood,,,,,,,,,,,,,,,,,,,,,,,,,,,,,,,,,,,,,,,,,,,,,,,,,,,,,,,,,,,,,,,1300,1300,,,,,,,,,,,,,,,,,,1500,1500,,,,,,,
Pelham Gardens,Bronx,neighborhood,,,,,,,,,,,,,,,,,,,,,,,,,,,,,,,,,,,,,,,,,,,,,,,,,,,,,,,,,,,,,,,,,,,,,,,,,,,,,,,,,,,,,,,,,,
Pelham Parkway,Bronx,neighborhood,,,,,,,,,,,,,,,,,,,,,,,,,,,,,,,,,,,,,,,,,,,,,,,,,,,1299,1350,,,1422.5,1400,1400,1400,1400,1400,1400,1400,1400,1400,1389.5,1389.5,1337.5,1425,1350,,1400,1450,1450,1450,1450,1450,1450,1450,1500,1500,1500,1500,1500,1500,1500,1500,1575,1575,1575,1575
Pomonok,Queens,neighborhood,,,,,,,,,,,,,,,,,,,,,,,,,,,,,,,,,,,,,,,,,,,,,,,,,,,,,,,,,,,,,,,,,,,,,,,,,,,,,,,,,,,,,,,,,,
Prospect Heights,Brooklyn,neighborhood,1950,1600,1600,1600,1637.5,1800,1830,1800,1750,1800,1950,1550,1800,1850,1800,2075,2125,2100,2150,2400,2150,2125,2150,2150,2100,1795,1795,2100,2300,2250,2050,2155,,2050,2100,2100,2000,2200,2150,2150,2122.5,2195,2200,2250,2250,2250,2250,2225,2250,2272.5,2225,2297.5,2395,2300,2275,2300,2250,2300,2300,2297.5,2300,2400,2350,2500,2425,2500,2450,2325,2450,2400,2450,2400,2350,2500,2550,2550,2470,2550,2400,2400,2495,2462.5,2350,2400,2400,2400,2450,2572.5,2650,2660
Prospect Lefferts Gardens,Brooklyn,neighborhood,,,,,,,,,,,,,,,,,,1250,1325,1325,,,,,,1287.5,,,,1322.5,1305,1325,1350,1350,,,1400,1400,,,,,,,1600,1550,,1400,1500,1450,1450,1569,1525,1550,1550,1500,1525,1575,1597.5,1500,1525,1500,1550,1580,1600,1600,1595,1600,1600,1647.5,1625,1600,1650,1736,1682.5,1675,1699,1750,1900,1900,1900,1900,1850,1842.5,1792.5,1800,1800,1750,1750,1795
Prospect Park,Brooklyn,submarket,1900,1800,1790,1800,1800,1850,1875,1850,1897.5,1900,1800,1800,1850,1900,1900,1985.5,2000,2100,2025,2000,2100,2150,2212.5,2225,2237.5,2172.5,2200,2250,2200,2200,2000,2022.5,2100,2100,2000,2150,2100,2150,2150,2150,2200,2275,2300,2300,2300,2345,2300,2250,2250,2229,2200,2275,2300,2300,2300,2300,2300,2300,2250,2272.5,2375,2300,2300,2398,2300,2250,2250,2300,2395,2395,2395,2395,2400,2400,2400,2450,2400,2395,2350,2300,2300,2300,2300,2300,2300,2350,2335,2395,2400,2400
Prospect Park South,Brooklyn,neighborhood,,,,,,,,,,,,,,,,,,,,,,,,,,,,,,,,,,,,,,,1300,1312.5,1262.5,,,1425,1325,1350,1450,1550,1550,,2300,2087.5,1900,2105.5,2273,2100,2186,2000,2100,1572.5,1650,1585,1650,1795,1749.5,1650,1650,1650,1650,1700,1962.5,1700,1850,1925,1825,1950,1850,1895,1850,1795,1795,1875,1850,1750,1749.5,1650,1700,1785,1925,1785
Queens,Queens,borough,1450,1475,1480,1450,1400,1400,1450,1472.5,1400,1425,1400,1350,1350,1350,1475,1500,1575,1599,1550,1625,1650,1550,1595,1600,1600,2750,2595,2400,2600,2595,2500,2450,2097.5,1950,1850,1895,1695,1750,1695,1725,1800,1900,1999.5,2075,2100,2037.5,1870,1800,1800,1800,1800,1800,1780,1875,1850,1850,1825,1850,1800,1795,1800,1800,1800,1800,1850,1850,1875,1900,1895,1850,1850,1850,1875,1900,1900,1975,1995,1999,1950,2000,1975,1950,1950,1949.5,1900,1875,1895,1880,1875,1875
Queens Village,Queens,neighborhood,,,,,,,,,,,,,,,,,,,,,,,,,,,,,,,,,,,,,,,,,,,,,,,,,,,,,,,,,,,,,,,,,,,,,,,,,,,,,,,,,,,,,,,,,,
Queensboro Hill,Queens,neighborhood,,,,,,,,,,,,,,,,,,,,,,,,,,,,,,,,,,,,,,,,,,,,,,,,,,,,,,,,,,,,1737.5,1650,,,,,,,,,,,,,,,1425,,,1875,1850,,,,,1650,,1780,1700,1637.5,1650
Red Hook,Brooklyn,neighborhood,1400,1500,1500,1700,1825,1700,2400,2175,1425,1450,1487.5,,1650,,,,,,,,,,,,,,1950,,1950,2000,,,,,,2300,2100,,,,,2500,1775,,,,,,,1900,2200,2400,2500,2500,2300,2237.5,2000,1872.5,1900,2050,,1775,1800,1800,2300,2000,2000,2299,1800,2399.5,2500,2424.5,2287.5,2200,,,1995,2200,,,,,,2200,2300,,,,2535,2499
Rego Park,Queens,neighborhood,1375,1412.5,,1325,1362.5,,,,,1350,1350,1350,1350,1350,1387.5,1362.5,1375,1400,1400,1400,1400,1400,1400,1474.5,1500,1550,,,,,1450,1450,1450,1450,1450,1500,1500,1500,1525,1400,1400,1450,1600,1650,1625,1700,1600,1638.5,1620,1606,1550,1662.5,1725,1725,1750,1800,1850,1850,1850,1812.5,1925,1850,1875,1900,1899,1850,1850,1825,1797.5,1762.5,1800,1800,1895,1900,1950,1950,1875,1800,1849,1900,1850,1830,1895,1895,1900,1870,1800,1800,1800,1800
Richmond Hill,Queens,neighborhood,,,,,,,,,,,,,,,,,,,,,,,,,,,,,,,,,,,,,,,,,,,,,,,,,,,,,,,,,,,,,,,,,,,,,,,,1350,1372.5,,,,,,,,,,,,1460,1495,,,,
Ridgewood,Queens,neighborhood,,,,,,,,,,,,,,,,,,,,,,,,,,,1980,1980,,,,,,,,,,,,,,,,,,,,,,,,,,1600,1600,,,1500,1575,,1550,1625,1625,1600,1800,1950,1975,1925,1925,1800,1712.5,1800,1600,1537.5,1750,1895,1750,1950,1970,1950,1850,1850,1850,1800,1800,1750,1750,1795,1800,1750
Riverdale,Bronx,neighborhood,1600,1575,1500,1475,1500,1600,1700,2500,1600,1500,1500,1500,1475,1450,1550,1550,1550,1475,1500,1450,1462.5,1462.5,1475,1450,1450,1500,1525,1550,1500,1500,1550,1572.5,1500,1500,1500,1525,1550,1600,1650,1600,1625,1600,1597.5,1595,1650,1650,1600,1650,1600,1595,1650,1695,1695,1700,1742.5,1650,1713,1675,1738,1795,1795,1797,1850,1700,1697.5,1800,1726,1795,1772.5,1800,1837.5,1800,1800,1750,1797.5,1800,1800,1800,1797.5,1750,1750,1750,1850,1850,1829,1797.5,1800,1825,1800,1800
Rockaway All,Queens,neighborhood,,,,,,,,,,,,,,,,,,,,,,,,,,,,,,,,,,,,,,,,,,,,1282,1282,1282,1282,1282,1282,1282,1282,1282,1287,1292,1287,,,,1350,1300,,,1350,1425,1347.5,1322.5,1350,1350,1399.5,1350,1374.5,,,,1425,1450,1450,1550,1595,1550,1675,1700,1655,1602.5,1590,1655,,,,1699
Roosevelt Island,Manhattan,neighborhood,2300,2200,2250,2404,2234.5,2192,2169,2300,2304,2312.5,2300,2300,2269,2203.5,2275,2338.5,2475,2450,,,2572.5,2595,2700,2700,,,,,2960,2872.5,2900,2950,2812.5,2775,2525,2612.5,2700,,2900,3000,2700,2700,2700,3072.5,2845,2795,2695,3197.5,3195,3145,3095,2645,3235,3122.5,2995,2995,2947.5,2572.5,2672.5,2725,2800,2800,2800,2995,2841,2995,3237.5,3250,2662.5,2579,2795,3050,3150,3160,3100,2950,3235.5,3271,3100,3100,3097.5,2850,2668,2738,2775,3043,2729.5,2900,3092.5,3295
Rosedale,Queens,neighborhood,,,,,,,,,,,,,,,,,,,,,,,,,,,,,,,,,,,,,,,,,,,,,,,,,,,,,,,,,,,,,,,,,,,,,,,,,,,,,,,,,,,,,,,,,,
Schuylerville,Bronx,neighborhood,,,,,,,,,,,,,,,,,,,,,,,,,,,,,,,,,,,,,,,,,,,,,,,,,,,,,,,,,,,,,,,,,,,,,,,,,,,,,,,,,,,,,,,,,,
Seagate,Brooklyn,neighborhood,,,,,,,,,,,,,,,,,,,,,,,,,,,,,,,,,,,,,,,,,,,,,,,,,,,,,,,,,,,,,,,,,,,,,,,,,,,,,,,,,,,,,,,,,,
Sheepshead Bay,Brooklyn,neighborhood,,1175,,,,,,,,,,,1248,1250,1287.5,1300,1250,1250,1350,1262.5,1400,1312.5,1350,1350,1400,1400,1312.5,1300,1400,1300,1437.5,1400,1400,1400,1400,1400,1400,1400,1425,1475,1400,1400,1400,1400,1375,1400,1472.5,1387.5,1350,1350,1400,1475,1500,1450,1437.5,1400,1400,1500,1490,1490,1450,1400,1487.5,1499,1500,1550,1550,1550,1550,1550,1550,1525,1500,1600,1597,1575,1550,1562.5,1550,1592.5,1625,1600,1600,1597.5,1600,1625,1650,1600,1602,1675
Soho,Manhattan,neighborhood,3000,2997.5,2800,2900,2700,3000,3095,2925,3300,3150,3000,3800,3300,2997.5,2750,3195,3200,3800,4000,3800,3925,3597.5,3700,3800,3825,3850,3950,4250,3975,3800,3447.5,3150,4000,3525,3299,3625,3750,3250,3250,3700,3300,3300,3000,3355.5,3750,3500,3550,3200,3200,3725,3100,3395,3400,3500,3495,2997.5,3295,3600,3600,3250,3350,3350,3750,3495,3772.5,3850,3597.5,3397.5,3597.5,3375,3400,3397.5,3322.5,3250,3599.5,3647.5,3550,3325,3250,3172.5,3450,3500,3300,3325,3350,3200,3400,3550,3500,3397.5
Soundview,Bronx,neighborhood,,,,,,,,,,,,,,,,,,,,,,,,,,,,,,,,,,,,,,,,,,,,,,,,,,,,,,,,,,,,1225,1262.5,1300,1362.5,1287.5,1275,1275,1275,1250,1262.5,1350,,,,,,,,,,,,1425,1450,,,,1412.5,1400,,
South Brooklyn,Brooklyn,submarket,1312.5,1300,1300,1300,1300,1300,1250,1250,1262.5,1295,1300,1249,1250,1275,1275,1300,1300,1300,1300,1300,1325,1350,1300,1300,1350,1345,1325,1350,1362.5,1375,1400,1400,1400,1400,1400,1400,1395,1395,1375,1425,1450,1400,1400,1400,1400,1450,1500,1495,1500,1500,1500,1500,1500,1500,1475,1460,1495,1500,1495,1475,1485,1500,1512.5,1547.5,1525,1550,1550,1595,1600,1595,1600,1595,1600,1600,1600,1600,1622.5,1650,1650,1650,1675,1670,1650,1650,1650,1650,1650,1650,1650,1675
South Jamaica,Queens,neighborhood,,,,,,,,,,,,,,,,,,,,,,,,,,,,,,,,,,,,,,,,,,,,,,,,,,,,,,,,,,,,,,,,,,,,,,,,,,,,,,,,,,,,,,,,,,
South Ozone Park,Queens,neighborhood,,,,,,,,,,,,,,,,,,,,,,,,,,,,,,,,,,,,,,,,,,,,,,,,,,,,,,,,,,,,,,,,,,,,,,,,,,,,,,,,,,,,,,,,,,
South Queens,Queens,submarket,,,,,,,,,,,,,,1175,1150,1100,1100,1172.5,1200,,,,,,1399,1429.5,1429.5,1400,1399.5,1429.5,1399.5,,,,,,,,,1408,1595,1395,1450,1475,1475,1425,1425,1352.5,1397.5,1425,1500,1400,1400,1400,1400,1498,1475,1575,1575,1445,1422.5,1697.5,1685,1625,1675,1574.5,1550,1599,1500,1400,1450,1500,1495,1500,1500,1525,1562.5,1575,1600,1650,1650,1675,1650,1599,1595,1550,1650,1795,1700,1650
South Richmond Hill,Queens,neighborhood,,,,,,,,,,,,,,,,,,,,,,,,,,,,,,,,,,,,,,,,,,,,,,,,,,,,,,,,,,,,,,,,,,,,,,,,,,,,,,,,,,,,,,,,,,
Springfield Gardens,Queens,neighborhood,,,,,,,,,,,,,,,,,,,,,,,,,,,,,,,,,,,,,,,,,,,,,,,,,,,,,,,,,,,,,,,,,,,,,,,,,,,,,,,,,,,,,,,,,,
St. Albans,Queens,neighborhood,,,,,,,,,,,,,,,,,,,,,,,,,,,,,,,,,,,,,,,,,,,,,,,,,,,,,,,,,,,,,,,,,,,,,,,,,,,,,,,,,,,,,,,,,,
Staten Island,Staten Island,borough,900,900,900,887.5,900,925,,,,925,950,950,950,950,975,950,950,,,,,,,,,,,,,,1350,1375,1350,,,,,,,,,1137.5,,,,1175,1150,1150,1150,1160,,,1622.5,1150,1175,,1200,1200,1200,,1200,1250,1250,1275,1285,1370,1500,1734.5,1684.5,1395,1405,1395,,1500,1787.5,2140,2300,2140,2140,1500,1500,1500,1500,1500,1500,1600,1500,1500,1537.5,1500
Stuyvesant Town/PCV,Manhattan,neighborhood,,,,,,,,,,,,,,,,,,,,,,,,3324,3377.5,3377.5,3350,3419.5,3433,,3429.5,3390,3350,3350,3235,3200,3250,3250,3200,2965,2965,2965,,,,3406,3406,3249,3249,3305.5,3323,3411,3467,3377,3149.5,3338,3362,3166.5,3068,3299,3299,3572,3572,3290,3214.5,3335.5,3411,3462,3479,3304.5,3252,3225,3191,3397,3685,3618,3547.5,3530,3540,3584,3570,3558.5,3611,3495,3645,3604,3611.5,3572.5,3667,3408
Sunnyside,Queens,neighborhood,1350,1350,1350,1399.5,1400,1387,1400,1400,1470,1435,1400,1400,1400,1399,1400,1447.5,1422.5,1450,1450,1550,1550,1450,1497.5,1547.5,1597.5,1570,1650,1547.5,1595,1650,1500,1450,1450,1512.5,1500,1500,1500,1495,1500,1525,1637.5,1687.5,1650,1650,1725,1675,1675,1675,1675,1750,1800,1750,1700,1800,1800,1750,1750,1725,1725,1762.5,1775,1775,1750,1862.5,1900,1875,1900,1900,1900,1962.5,1850,1895,1950,1895,1900,1879,1879,1900,1925,1900,1935,1950,1900,1925,1850,1800,1850,1850,1880,1875
Sunset Park,Brooklyn,neighborhood,1200,1200,1200,1200,1225,1200,1200,1200,1287.5,1297.5,1287.5,1150,1050,,,,1350,1350,1350,1350,1350,1350,1350,1312.5,,,1350,,,,,,,,1300,,,1350,1450,1487.5,1547.5,1500,1500,1575,1500,,1495,1400,1400,1450,1475,1522.5,1600,1750,1750,1750,1604,1600,1525,1500,1500,1575,1500,1525,1550,1600,1600,1500,1550,1700,1650,1600,1650,1750,1600,1700,1700,1750,1627.5,1700,1800,1800,1800,1697.5,1700,1750,1725,1700,1700,1647.5
The Rockaways,Queens,submarket,,,,,,,,,,,,,,,,,,,,,,,,,,,,,,,,,,,,,,,,,,,,1282,1282,1282,1282,1282,1282,1282,1282,1282,1287,1292,1287,,,,1350,1300,,,1350,1425,1347.5,1322.5,1350,1350,1399.5,1350,1374.5,,,,1425,1450,1450,1550,1595,1550,1675,1700,1655,1602.5,1590,1655,,,,1699
Throgs Neck,Bronx,neighborhood,,,,,,,,,,,,,,,,,,,,,,,,,,,,,,,,,,,,,,,,,,,,,,,,,,,,,,,,,,,,,,,,,,,,,,,,,,,,,,,,,,,,,,,,,,
Tremont,Bronx,neighborhood,,,,,,,,,,,,,,,,,,,,,,,,,,,,,,,,,,,,,,,,,,,,,,,,,,,,,,,,,,,,,,,,1599,,1412.5,1350,1449,1300,1300,1300,1300,1375,,1269.5,1294.5,1300,,,,1375,,,1350,1350,1350,1312.5,1350,1500,
Tribeca,Manhattan,neighborhood,3900,3797,3810,3899.5,3800,3695,3745,3647.5,3572.5,4000,3895,3995,4200,3847.5,3895,3997.5,3900,3995,4400,4350,3975,4000,4195,4160,4200,4322.5,4297.5,4450,4260,4397.5,4047.5,4250,4325,4595,4472.5,4275,4225,4200,4322.5,4250,4495,4595,4795,4500,4495,4022.5,4250,4300,4100,4247.5,4247.5,4295,4347.5,4397.5,4495,4425,4195,4395,4350,4595,4495,4495,4737.5,5160,5105,5000,5010,5307.5,4795,4595,4545,4595,4495,4777,4850,5000,4788.5,4695,4995,5030,5000,5000,4690,4911.5,4595,4500,4514,4690,4595,4695
University Heights,Bronx,neighborhood,,,,,,,,,,,,,,,,,,,,,,,,,,,,,,,,,,,,,,,1150,,,1199,,,,,1150,,1175,,,1225,1237.5,,1260,,1232.5,1250,1272.5,1250,1250,1250,1275,1286.5,1300,1325,1300,1295,,,1300,1300,,1362.5,1357.5,1300,1300,1407.5,1399,1350,,,1350,1350,,,1379,,1387,1495
Upper Carnegie Hill,Manhattan,neighborhood,,,,,,,,,,,,,,,,,,,,,,,,,,,,,,,,3612.5,3524.5,,,,,,4000,4000,3950,4047.5,3287.5,3287.5,3262.5,3350,3322.5,3550,3350,3525,,3500,4000,3525,3575,4050,3575,3550,4637.5,4650,4572.5,,,,,3600,,,,,,,,,,,,4595,4197.5,,3875,3860,,,,,,,,4375
Upper East Side,Manhattan,neighborhood,2350,2195,2250,2300,2350,2500,2500,2500,2500,2462,2500,2600,2600,2500,2400,2450,2550,2550,2495,2500,2597.5,2595,2595,2600,2572.5,2695,2550,2600,2535,2597.5,2575,2500,2600,2437.5,2437.5,2600,2500,2675,2662.5,2600,2600,2532,2400,2400,2400,2482.5,2500,2400,2350,2460,2450,2500,2450,2450,2500,2400,2450,2427.5,2470,2650,2750,2800,2750,2650,2637.5,2650,2650,2700,2800,2685,2662.5,2750,2700,2697.5,2897.5,2750,2700,2600,2600,2598,2695,2600,2695,2637.5,2600,2735,2750,2650,2625,2650
Upper West Side,Manhattan,neighborhood,2500,2400,2350,2400,2397,2450,2500,2535,2600,2600,2500,2500,2500,2600,2600,2600,2550,2595,2600,2650,2700,2700,2750,2875,2850,2795,2750,2700,2700,2750,2850,2800,2800,2800,2795,2800,2750,2700,2800,2800,2800,2700,2750,2800,2850,2800,2800,2750,2800,2800,2850,2875,2850,2800,2800,2800,2892.5,2850,2800,2825,2900,2922.5,2900,2850,2897,2895,2920,2980,2950,2975,2995,2950,2995,2950,2995,3000,3000,3000,3000,2964.5,3000,3000,2941.5,2900,2950,2928,2900,2900,2899,2885
Utopia,Queens,neighborhood,,,,,,,,,,,,,,,,,,,,,,,,,,,,,,,,,,,,,,,,,,,,,,,,,,,,,,,,,,,,,,,,,,,,,,,,,,,,,,,,,,,,,,,,,,
Van Nest,Bronx,neighborhood,,,,,,,,,,,,,,,,,,,,,,,,,,,,,,,,,,,,,,,,,,,,,,,,,,,,,,,,,,,,,,,,,,,,,,,,,,,,,,,,,,,,,,,,,,
Wakefield,Bronx,neighborhood,,,,,,,,,,,,,,,,,,,,,,,,,,,,,,,,,,,,,,,,,,,,,,,,,,,,,,,,1375,1400,1387.5,1300,1375,1225,1300,1387.5,1387.5,1337.5,1249.5,1249,1249.5,,1250,,1400,1450,1450,1450,1450,1450,1450,,1450,1397.5,1397.5,1395,1375,1375,,,,1450,
Washington Heights,Manhattan,neighborhood,1387,1395,1395,1395,1350,1432.5,1467.5,1495,1425,1432.5,1432.5,1500,1495,1467.5,1425,1500,1500,1525,1500,1600,1600,1550,1600,1450,1512.5,1497.5,1600,1500,1500,1500,1497.5,1500,1495,1650,1500,1500,1600,1597.5,1525,1500,1595,1575,1550,1572.5,1650,1600,1600,1600,1550,1585,1500,1500,1550,1600,1700,1650,1650,1650,1625,1600,1600,1625,1650,1699,1695,1700,1700,1700,1750,1702.5,1700,1750,1750,1750,1700,1700,1700,1700,1725,1785,1750,1750,1750,1750,1800,1787,1750,1800,1800,1800
West Harlem,Manhattan,neighborhood,,,,,,,,,,,,,,,,,,,,,,,,,,,,,,,,,,,,,,,,,,1575,1600,,,,,,,,,,,,1750,1750,1750,1750,1800,,1900,1750,1750,1750,1750,,1850,1850,1750,1850,1850,1799.5,1850,1850,1900,,,1950,2050,2000,,,,1887.5,1850,1935,2000,1850,1895,1800
West Village,Manhattan,neighborhood,3272.5,3100,3000,3000,3000,3000,3250,3000,3150,2900,2895,3100,3295,3347.5,3200,3500,3500,3545,3300,3495,3395,3400,3325,3300,3250,3300,3300,3295,3400,3300,3400,3200,3397.5,3400,3495,3495,3325,3300,3495,3400,3500,3500,3500,3500,3500,3495,3400,3500,3400,3595,3500,3595,3500,3525,3500,3500,3500,3500,3500,3500,3595,3500,3500,3500,3595,3500,3500,3695,3625,3595,3595,3650,3695,3800,3872,3795,3797.5,3795,3750,3695,3650,3650,3595,3595,3500,3550,3525,3550,3685,3699
Westchester Village,Bronx,neighborhood,,,,,,,,,,,,,,,,,,,,,,,,,,,,,,,,,,,,,,,,,,,,,,,,,,,,,,,,,,,,,,,,,,,,,,,,,,,,,,,,,,,,,,,,,,
Whitestone,Queens,neighborhood,,,,,,,,,,,,,,,,,,,,,,,,,,,,,,,,,,,,,,,,,,,,,,,,,,,,,,,,,,,,,,,,,,,,,,,,,,,,,,,,,,,,,,,,,,
Williamsbridge,Bronx,neighborhood,,,,,,,,,,,,,,,,,,,,,,,,,,,,,,,,,,,,,,,,,,,,,,,,,,,,,,,,,,,,,,,,1299,1287,,,,,,,,,,,,,,,,,,,,,,,,,
Williamsburg,Brooklyn,neighborhood,2400,2350,2350,2425,2365,2520,2558,2500,2550,2550,2600,2600,2617,2500,2700,2800,2700,2900,2850,2600,2700,2700,2750,2800,2887,2871,2862,2900,3000,3000,2975,3095,3138,3100,3050,3100,3025,2950,2900,2900,2950,3075,3115,3000,3000,2918,2947.5,2887.5,2900,2922.5,2956.5,3000,3000,3150,3200,3200,3117.5,3000,3000,3045,2997,3000,2990.5,3050,2943,3099,3098,3080.5,2933,3000,3057,3150,3070,2999.5,2931,2900,2900,2900,2995,2950,2875,2930,2900,2900,2885,2875,2850,2799,2700,2797
Windsor Terrace,Brooklyn,neighborhood,,,,1797.5,1800,1800,1725,1700,1700,1750,1700,1650,,1700,1550,1700,,,1950,1875,,,,,1950,,,,,1850,1800,1850,1700,1895,1925,1950,1800,1800,,1900,1895,1872.5,2100,2000,,2250,2200,2200,2100,2125,2100,2075,2000,2050,2000,2100,2200,2200,2225,2300,2225,2250,2250,2300,2100,2300,2250,2300,2500,2500,2195,2225,2225,2200,2150,2200,2100,2162.5,2097.5,2095,2095,2047.5,2000,2100,2100,2100,2100,2100,2197.5,2100
Woodhaven,Queens,neighborhood,,,,,,,,,,,,,,,,,,,,,,,,,,,,,,,,,,,,,,,,,,,,,,,,,,,,,,,,,,1575,1575,,1700,1700,1700,1625,1675,,,,,,1500,1600,1550,,,,,,,,,,,,,,1487.5,,,1699
Woodlawn,Bronx,neighborhood,,,,,,,,,,,,,,,,,,,,,,,,,,,,,,,,,,,,,,,,,,,,,,,,,,,,,,,,,,,,,,,,,,,,,,,,,,,,,,,,,,,,,,,,,,
Woodside,Queens,neighborhood,,,,,,,,,,,,,,,,,,1350,,,,,,,,,,,,,,,,,,,,,1575,,,,,1597.5,1500,1500,1500,1497.5,1650,1675,1700,1725,1700,1650,1650,1650,1650,1650,1700,1675,1700,1645,1800,1875,1725,1600,1650,1585,1585,1575,1600,1675,1650,1700,1750,1700,1695,1700,1700,1700,1660,1700,1700,1725,1725,1725,1700,1750,1700,1725
Woodstock,Bronx,neighborhood,,,,,,,,,,,,,,,,,,,,,,,,,,,,,,,,,,,,,,,,,,,,,,,,,,,,,,,,,,,,,,,,,,,,,,,,,,,,,,,,,,,,,,,,,,
Yorkville,Manhattan,neighborhood,2000,2050,2100,2200,2200,2100,2200,2200,2250,2200,2195,2095,2095,2000,2000,2255,2400,2450,2400,2400,2450,2485,2500,2450,2295,2300,2337.5,2400,2450,2397.5,2400,2350,2400,2400,2400,2400,2397.5,2500,2595,2450,2495,2450,2400,2500,2600,2595,2500,2600,2500,2500,2495,2495,2500,2450,2400,2450,2499.5,2500,2495,2550,2550,2570,2600,2550,2550,2595,2600,2600,2700,2695,2550,2554.5,2692.5,2800,2700,2650,2650,2650,2595,2500,2550,2500,2500,2642.5,2597,2672,2700,2700,2650,2600