Area,Boro,AreaType,3/1/09,4/1/09,5/1/09,6/1/09,7/1/09,8/1/09,9/1/09,10/1/09,11/1/09,12/1/09,1/1/10,2/1/10,3/1/10,4/1/10,5/1/10,6/1/10,7/1/10,8/1/10,9/1/10,10/1/10,11/1/10,12/1/10,1/1/11,2/1/11,3/1/11,4/1/11,5/1/11,6/1/11,7/1/11,8/1/11,9/1/11,10/1/11,11/1/11,12/1/11,1/1/12,2/1/12,3/1/12,4/1/12,5/1/12,6/1/12,7/1/12,8/1/12,9/1/12,10/1/12,11/1/12,12/1/12,1/1/13,2/1/13,3/1/13,4/1/13,5/1/13,6/1/13,7/1/13,8/1/13,9/1/13,10/1/13,11/1/13,12/1/13,1/1/14,2/1/14,3/1/14,4/1/14,5/1/14,6/1/14,7/1/14,8/1/14,9/1/14,10/1/14,11/1/14,12/1/14,1/1/15,2/1/15,3/1/15,4/1/15,5/1/15,6/1/15,7/1/15,8/1/15,9/1/15,10/1/15,11/1/15,12/1/15,1/1/16,2/1/16,3/1/16,4/1/16,5/1/16,6/1/16,7/1/16,8/1/16,9/1/16,10/1/16,11/1/16,12/1/16,1/1/17,2/1/17,3/1/17,4/1/17,5/1/17
NYC,All,City,3749,3901,4009,4016,4088,3907,3711,3625,3542,3598,3637,3587,3233,3371,3232,3054,2866,2730,2607,2474,2292,2184,2311,2419,2728,2635,2740,2657,2457,2575,2593,2506,2403,2506,2722,2814,3113,3236,3588,3927,4067,4009,3696,3863,3828,3959,4805,4976,5493,5952,6134,6339,6572,6714,6250,6822,6460,6415,6820,7076,7813,8244,8054,7760,8776,8938,8697,8639,8374,8149,8568,8539,9088,9445,9687,9971,10267,10367,9799,9586,8668,11292,12100,12164,12983,12324,13030,13815,14100,14626,14494,13962,13659,12783,14636,14638,16523,16283,17852
Manhattan,Manhattan,Borough,3252,3390,3503,3446,3478,3330,3143,3048,2982,2937,2968,3024,2700,2796,2678,2584,2400,2287,2207,2080,1949,1868,1962,2050,2295,2236,2278,2208,2055,2202,2190,2138,2052,2024,2244,2295,2560,2662,2956,3228,3279,3202,2867,2919,2942,3102,3745,3849,4302,4704,4845,4979,5079,5026,4528,4803,4396,4300,4512,4772,5343,5685,5546,5233,5862,5761,5509,5408,4914,4760,5131,5039,5495,5901,5987,6087,6344,6176,5571,5551,4929,6941,7514,7634,8087,7395,7844,8407,8553,8844,8861,8577,8153,7623,8428,8276,9112,9007,9812
All Downtown,Manhattan,Submarket,1007,1029,1057,1014,998,953,868,823,799,795,830,852,750,811,778,745,706,688,675,632,577,573,624,626,687,689,682,698,703,725,672,654,626,650,744,730,837,900,988,1115,1157,1097,964,954,950,1019,1283,1371,1559,1738,1768,1771,1779,1749,1557,1689,1432,1417,1550,1746,2082,2431,2187,1842,1977,1991,1856,1807,1652,1649,1763,1656,1823,1894,2082,2131,2227,2180,1947,1890,1628,2247,2443,2548,2786,2805,2913,3062,3055,3200,2880,2749,2601,2458,2750,2739,3073,3026,3270
All Midtown,Manhattan,Submarket,905,971,995,991,990,949,899,891,889,873,861,889,789,815,751,729,680,705,669,588,559,528,553,579,641,646,649,617,530,600,608,595,601,585,615,630,698,700,752,818,821,810,736,733,745,801,928,964,1094,1138,1166,1174,1216,1235,1104,1137,1085,1046,1102,1090,1219,1197,1189,1193,1322,1309,1283,1296,1170,1169,1282,1359,1428,1465,1424,1484,1492,1497,1338,1331,1250,1741,1959,1930,2010,1346,1432,1543,1558,1586,2164,2132,2048,1907,2128,2052,2242,2278,2440
All Upper West Side,Manhattan,Submarket,517,550,606,574,589,567,587,602,545,532,544,525,477,487,460,448,408,373,350,362,348,318,324,343,394,363,413,406,371,388,424,432,383,367,410,418,444,465,526,568,541,546,455,464,482,513,602,609,660,731,752,814,820,797,758,736,708,773,765,808,826,819,900,942,1096,982,862,872,810,771,844,768,863,890,944,1037,1053,910,789,790,707,1132,1170,1167,1225,1182,1325,1428,1472,1505,1367,1367,1279,1210,1249,1224,1356,1358,1512
All Upper East Side,Manhattan,Submarket,673,689,686,713,729,665,613,587,573,555,549,577,520,534,544,519,465,385,382,382,356,354,370,406,471,438,422,378,356,379,348,343,337,312,362,378,439,459,510,528,549,534,518,545,545,541,657,634,671,733,788,848,917,919,798,886,809,725,734,791,833,815,849,837,957,928,937,877,757,702,780,770,856,953,988,935,955,968,927,972,880,1156,1251,1278,1388,1403,1518,1640,1646,1675,1539,1461,1386,1270,1387,1331,1439,1417,1545
All Upper Manhattan,Manhattan,Submarket,143,146,154,147,163,189,169,140,167,170,174,170,152,138,139,132,129,128,122,110,98,85,82,88,91,92,105,100,91,99,120,101,88,95,107,134,138,135,175,189,200,205,185,218,212,220,268,268,312,356,359,359,331,313,297,341,349,332,355,331,378,415,416,413,504,538,558,533,504,452,448,467,499,502,529,484,601,604,547,539,442,630,656,681,652,629,626,704,793,848,879,839,815,756,878,895,958,893,1019
Bronx,Bronx,Borough,32,32,32,36,38,40,47,40,36,36,36,43,33,37,31,30,19,19,12,12,11,13,16,16,17,19,27,28,29,21,28,27,32,27,28,36,38,46,43,51,52,46,50,56,64,67,75,79,78,85,86,84,85,77,74,75,74,66,78,87,102,101,102,106,166,204,229,222,235,211,228,242,258,250,238,267,305,243,236,260,251,325,354,333,326,306,306,274,279,325,361,353,367,328,352,359,371,372,392
Brooklyn,Brooklyn,Borough,386,392,387,437,475,444,435,457,425,532,537,430,431,450,434,359,358,339,307,317,272,250,286,300,361,315,351,349,319,290,305,273,276,398,380,413,428,411,469,530,583,622,636,699,647,605,728,771,790,832,871,880,994,1209,1285,1430,1416,1544,1725,1656,1686,1736,1663,1744,2051,2215,2234,2308,2390,2270,2395,2397,2341,2351,2454,2556,2614,2957,2850,2598,2392,2788,2983,2868,3069,3148,3359,3530,3664,3810,3672,3420,3445,3244,3952,3983,4651,4616,5159
North Brooklyn,Brooklyn,Submarket,56,67,63,63,59,63,61,62,42,63,52,46,57,49,50,50,52,54,44,33,27,19,32,48,73,63,74,58,53,47,71,69,71,168,96,113,106,109,111,111,146,189,248,254,207,179,199,185,182,198,179,202,284,347,366,415,385,494,503,408,408,394,410,402,478,495,395,377,527,567,582,609,535,535,471,500,560,572,523,473,457,580,692,669,731,741,820,818,791,796,814,716,700,632,816,839,883,859,920
Northwest Brooklyn,Brooklyn,Submarket,171,177,165,180,202,203,206,206,206,263,266,210,200,201,200,166,149,132,105,107,108,113,112,111,145,127,137,132,125,95,92,73,72,92,112,127,130,130,156,194,180,170,153,166,175,173,189,190,183,199,234,245,255,330,343,325,299,322,370,368,367,382,427,479,531,566,617,552,519,514,543,548,536,520,557,570,533,599,569,568,493,661,748,701,743,806,836,860,889,936,884,812,804,766,925,876,988,1020,1080
East Brooklyn,Brooklyn,Submarket,46,37,37,44,55,48,38,41,43,73,60,40,45,61,58,35,46,44,49,55,42,29,31,31,24,28,38,42,41,46,39,32,40,47,60,54,58,52,70,94,100,103,89,83,76,77,90,114,132,140,127,124,142,174,180,182,189,198,199,194,255,288,279,287,357,371,368,403,443,397,402,438,440,419,525,574,561,709,639,521,497,565,581,571,605,664,744,802,843,874,820,768,745,725,821,859,1075,1081,1294
Prospect Park,Brooklyn,Submarket,75,76,83,98,101,81,69,79,68,68,98,77,74,91,92,78,86,79,81,88,57,39,45,49,58,55,66,77,61,59,53,45,39,47,61,59,54,54,62,56,78,80,68,82,81,87,105,111,124,131,156,140,143,165,181,215,201,192,226,196,220,247,263,255,310,363,366,436,408,359,414,402,414,406,396,393,427,547,538,430,389,401,384,407,419,395,407,460,539,590,530,512,509,471,606,583,670,673,705
South Brooklyn,Brooklyn,Submarket,31,31,31,39,45,42,56,68,65,61,54,49,47,43,31,29,24,30,28,33,32,34,34,36,39,25,29,34,33,40,47,51,52,43,49,60,80,66,70,74,77,79,78,114,108,89,145,171,168,164,175,169,169,190,213,291,339,337,427,489,434,422,282,320,373,417,486,535,487,423,442,393,409,457,500,518,526,525,576,600,553,579,573,516,564,535,546,585,597,611,622,602,679,648,781,823,1032,981,1151
Queens,Queens,Borough,79,87,87,97,97,93,86,80,98,92,95,90,69,88,89,81,89,85,81,65,60,52,46,52,54,65,84,72,54,61,69,67,43,57,70,69,87,117,120,116,144,129,132,185,170,182,254,274,320,327,326,388,407,396,360,478,532,489,495,548,675,716,733,665,687,749,714,689,826,902,791,838,960,918,989,1045,995,980,1132,1159,1081,1224,1242,1320,1490,1461,1505,1587,1590,1626,1577,1588,1663,1563,1882,2003,2364,2266,2457
Staten Island,Staten Island,Borough,0,0,0,0,0,0,0,0,1,1,1,0,0,0,0,0,0,0,0,0,0,1,1,1,1,0,0,0,0,1,1,1,0,0,0,1,0,0,0,2,9,10,11,4,5,3,3,3,3,4,6,8,7,6,3,36,42,16,10,13,7,6,10,12,10,9,11,12,9,6,23,23,34,25,19,16,9,11,10,18,15,14,8,11,12,14,16,17,15,22,24,25,33,26,24,18,28,25,33
Astoria,Queens,Neighborhood,23,23,18,19,20,17,8,6,7,11,13,10,8,8,7,1,7,12,8,7,9,5,5,2,5,15,13,14,4,5,6,4,3,5,12,10,8,11,23,21,28,16,17,25,27,36,44,62,84,94,109,111,135,111,94,136,169,183,156,170,233,261,318,265,261,282,265,241,361,397,295,336,371,296,331,367,300,325,378,339,286,316,335,412,431,458,450,452,417,408,432,459,473,488,651,656,717,689,783
Auburndale,Queens,Neighborhood,0,0,0,1,1,1,0,0,0,0,0,0,0,0,0,0,0,0,0,0,0,0,0,0,0,0,0,0,0,0,0,0,0,0,0,0,0,0,0,0,0,0,0,0,0,0,0,1,2,1,0,0,0,0,1,1,0,0,0,0,0,0,0,0,1,2,0,0,0,0,0,0,0,0,0,1,1,2,1,3,3,0,1,1,4,4,2,2,3,3,4,2,2,1,4,2,0,1,4
Bath Beach,Brooklyn,Neighborhood,0,0,0,0,0,0,0,0,0,0,0,0,0,0,0,0,0,0,0,0,0,0,0,0,1,0,0,0,2,4,5,3,3,3,3,3,2,1,3,3,1,2,0,0,0,0,0,0,0,0,0,1,2,2,2,2,6,4,4,4,1,1,1,0,0,0,0,1,1,3,3,3,2,4,5,8,7,6,9,4,0,4,8,7,5,2,1,2,2,5,3,4,9,8,8,9,15,8,8
Battery Park City,Manhattan,Neighborhood,60,61,51,60,66,67,69,60,63,54,55,60,63,59,49,44,36,44,39,48,35,38,49,50,55,64,48,64,61,55,61,73,82,80,88,75,81,91,88,93,100,98,83,88,96,89,113,116,128,132,126,127,115,136,127,133,102,120,118,113,106,88,80,84,86,100,89,107,121,121,102,99,107,114,110,115,114,108,96,114,92,112,115,126,130,119,114,121,124,127,107,123,131,119,129,137,140,126,114
Bay Ridge,Brooklyn,Neighborhood,10,12,11,11,6,8,13,13,11,11,12,10,8,9,8,6,7,6,4,6,6,8,9,13,18,9,7,9,8,6,8,8,9,8,8,11,10,7,6,6,8,8,9,13,10,11,17,21,13,16,24,19,19,34,33,92,130,138,178,219,200,178,47,49,50,62,78,110,108,91,111,88,91,101,110,79,96,113,114,114,110,103,110,89,76,76,91,102,97,98,78,80,86,77,115,122,179,209,243
Bayside,Queens,Neighborhood,0,0,0,0,0,0,0,0,0,0,0,0,0,0,0,0,0,0,0,0,0,0,0,0,0,0,0,0,0,0,1,1,0,0,0,0,1,2,1,1,1,0,0,0,1,0,0,1,2,1,1,0,0,0,0,1,1,0,1,3,3,5,4,2,6,7,6,5,7,8,8,12,11,9,8,6,3,10,10,8,5,2,8,14,15,16,18,8,10,13,8,11,13,9,10,9,8,7,8
Bedford Park,Bronx,Neighborhood,1,1,1,2,1,1,4,4,4,4,2,2,1,1,1,1,1,1,1,1,1,1,1,1,1,1,1,2,2,1,2,2,1,2,2,1,1,1,1,2,2,2,2,2,2,5,5,4,5,3,3,4,6,7,8,8,5,3,4,4,7,8,7,6,11,22,21,25,28,23,25,21,20,19,20,19,24,15,10,15,15,12,18,18,19,16,14,15,19,25,29,23,18,11,15,19,12,16,22
Bedford-Stuyvesant,Brooklyn,Neighborhood,30,27,29,34,42,35,24,31,32,47,32,18,20,16,15,16,25,25,29,40,27,17,20,21,13,18,23,24,24,26,25,20,20,25,38,37,34,31,37,42,45,49,44,42,34,39,40,52,62,71,65,54,60,79,81,67,67,82,87,72,126,142,141,121,169,182,177,200,211,174,175,209,198,167,248,285,291,352,304,231,237,273,263,269,316,325,344,388,383,416,410,349,355,331,384,430,550,515,564
Bellerose,Queens,Neighborhood,0,0,0,0,0,0,0,0,0,0,0,0,0,0,0,0,0,0,0,0,0,0,0,0,0,0,0,0,0,0,0,0,0,0,0,0,0,0,0,4,8,1,2,5,2,0,1,1,1,0,0,0,0,0,2,4,6,4,6,8,5,6,0,0,0,0,1,2,3,1,0,1,1,1,2,1,1,1,1,3,3,3,4,3,1,2,2,2,1,1,1,1,1,1,1,1,0,0,0
Belmont,Bronx,Neighborhood,0,0,0,0,0,0,0,0,0,0,0,0,0,0,0,0,0,0,0,0,0,0,0,0,0,0,0,0,0,0,0,0,0,0,0,0,0,0,0,0,0,0,0,0,0,0,0,0,0,0,1,1,1,1,1,0,1,1,1,2,1,0,0,0,1,2,2,4,2,1,2,0,1,0,2,3,2,2,1,2,1,6,5,3,3,4,6,5,6,8,6,5,5,3,3,3,4,8,9
Bensonhurst,Brooklyn,Neighborhood,0,0,0,0,0,0,0,0,0,0,0,0,2,1,1,1,2,2,2,3,3,2,0,0,0,1,0,1,1,1,0,0,0,0,0,0,0,2,4,1,1,3,3,5,3,0,4,5,3,3,6,4,4,3,9,5,8,8,10,10,8,6,3,5,10,10,11,13,12,13,19,12,11,12,13,15,19,13,14,16,17,14,15,11,12,13,12,11,12,13,9,12,15,10,8,13,15,22,30
Bergen Beach,Brooklyn,Neighborhood,0,0,0,0,0,0,0,0,0,0,0,0,0,0,0,0,0,0,0,0,0,0,0,0,0,0,0,0,0,0,0,0,0,0,0,0,0,0,0,0,0,0,0,0,0,0,0,0,1,1,0,0,1,1,0,0,0,0,0,0,0,0,0,0,0,1,4,4,3,2,2,2,2,2,2,2,0,0,0,0,0,0,0,0,2,3,2,3,2,1,0,2,3,3,2,3,3,1,2
Boerum Hill,Brooklyn,Neighborhood,7,7,11,12,15,13,16,16,15,16,13,14,13,12,12,11,10,10,11,7,4,4,4,4,14,12,5,7,3,5,4,3,3,2,4,5,5,6,12,10,8,5,5,8,11,9,9,7,7,13,12,13,20,14,17,21,15,24,26,20,15,26,41,41,39,51,62,40,42,32,44,50,46,37,42,36,44,60,53,53,47,61,66,56,58,47,51,59,69,68,79,67,60,58,71,74,93,92,83
Borough Park,Brooklyn,Neighborhood,0,0,2,2,2,2,2,3,3,1,1,1,2,2,2,2,2,2,2,3,3,3,3,3,3,3,3,3,2,2,2,2,2,1,1,1,1,1,1,0,1,1,0,1,1,1,1,0,1,4,4,3,2,1,2,2,6,11,9,4,8,4,4,6,7,7,12,18,12,10,7,6,8,10,12,8,6,14,7,11,8,8,15,14,15,10,14,13,12,21,32,31,36,24,29,34,30,29,33
Briarwood,Queens,Neighborhood,0,0,0,0,0,0,0,1,1,1,1,4,3,2,2,2,2,1,2,3,1,1,1,0,0,0,0,0,0,0,0,0,0,1,2,2,1,1,2,2,2,2,3,3,4,4,6,8,6,4,6,13,10,5,2,6,7,9,7,4,10,18,15,17,19,16,16,14,16,26,20,25,30,25,30,35,41,21,24,33,28,23,22,21,28,27,31,42,34,38,43,57,67,57,45,54,53,41,40
Brighton Beach,Brooklyn,Neighborhood,2,2,2,2,2,2,3,3,3,3,2,2,2,2,1,1,1,1,1,2,2,2,2,2,1,1,2,2,1,1,1,1,1,1,1,1,2,2,7,7,8,9,9,7,6,7,6,4,6,6,14,16,15,17,14,8,11,7,4,11,6,10,11,15,17,17,15,21,21,18,17,11,15,27,21,19,29,30,32,32,37,37,47,38,32,37,32,33,31,28,27,24,24,21,20,20,35,34,44
Bronxwood,Bronx,Neighborhood,0,0,0,0,0,0,0,0,0,0,0,0,0,0,0,0,0,0,0,0,0,0,0,0,0,1,1,0,0,1,1,0,0,0,0,0,0,0,1,1,2,1,0,0,0,0,0,0,0,0,0,0,0,1,1,1,2,1,1,1,1,0,1,1,1,6,5,0,0,1,1,2,2,1,1,0,2,4,4,2,3,6,4,5,4,2,0,1,0,1,7,8,9,11,15,19,15,14,5
Brooklyn Heights,Brooklyn,Neighborhood,68,71,58,56,61,63,70,68,59,54,50,42,50,58,59,45,34,33,24,23,16,14,14,19,24,25,32,30,23,21,18,13,11,15,15,22,21,20,17,22,25,23,15,22,24,25,28,24,25,24,32,38,38,50,46,52,55,62,73,50,56,53,52,77,105,106,94,79,81,103,79,69,83,87,103,96,81,82,85,79,65,97,91,79,85,95,111,137,150,141,126,108,105,94,121,123,139,161,157
Brownsville,Brooklyn,Neighborhood,0,0,0,0,0,0,0,0,0,0,0,0,0,0,0,0,0,0,0,0,0,0,0,0,0,0,0,0,0,0,0,0,1,1,1,0,0,0,0,0,1,1,0,0,0,0,0,0,0,0,0,0,2,2,4,5,4,2,3,2,4,5,5,5,5,5,5,3,2,3,11,12,11,17,25,20,16,18,15,17,17,13,12,12,14,13,12,12,13,11,8,9,9,12,9,8,15,6,13
Bushwick,Brooklyn,Neighborhood,3,3,1,4,5,4,4,3,3,4,5,2,7,27,22,8,8,5,7,7,1,1,1,0,1,1,0,1,0,1,0,1,6,5,4,2,4,3,5,8,10,9,7,5,5,6,6,17,20,22,21,22,22,34,39,45,45,41,44,46,43,50,64,76,73,55,58,65,74,58,68,64,72,88,75,93,113,109,76,64,59,94,111,101,108,108,135,132,169,175,154,150,115,119,121,132,163,177,216
Canarsie,Brooklyn,Neighborhood,0,0,0,0,0,0,0,0,0,0,0,0,0,0,0,0,0,0,0,1,2,2,1,1,0,0,0,0,0,0,0,0,0,0,0,0,0,0,0,0,0,0,1,1,1,0,0,0,1,1,0,0,3,2,2,2,0,0,0,1,3,4,4,4,5,5,2,3,3,3,2,5,4,4,4,3,3,1,3,2,2,4,2,1,1,2,1,0,2,2,2,3,7,5,3,3,10,3,4
Carnegie Hill,Manhattan,Neighborhood,54,56,52,70,63,64,59,64,68,61,58,61,54,51,54,53,46,36,41,44,34,29,33,29,38,34,41,53,48,47,40,36,39,35,36,36,44,44,40,44,48,50,46,39,48,56,57,59,56,69,67,87,119,122,101,111,85,64,63,56,75,64,75,74,80,79,72,63,47,48,54,54,59,73,68,65,73,63,78,88,77,94,97,102,93,102,107,99,100,106,108,92,86,97,105,104,103,107,113
Carroll Gardens,Brooklyn,Neighborhood,13,13,17,18,12,15,20,18,24,31,30,26,16,15,20,18,16,12,11,12,8,6,4,4,10,8,12,11,9,4,5,8,8,7,13,17,17,15,20,20,16,13,10,14,18,13,14,10,11,14,18,22,22,11,15,14,9,10,15,25,31,32,41,49,49,60,84,72,53,58,59,73,73,81,71,59,56,60,51,61,61,73,79,89,101,89,74,94,116,107,86,85,88,80,79,88,120,132,142
Central Harlem,Manhattan,Neighborhood,66,59,65,61,67,79,74,62,74,76,80,75,67,62,60,58,53,53,48,44,41,37,35,39,50,56,50,32,30,38,53,43,33,32,41,51,55,39,74,86,77,82,74,89,92,106,118,121,125,161,154,171,148,104,108,135,141,129,138,123,154,167,168,159,189,187,191,177,182,166,167,175,183,182,185,201,223,214,192,183,102,142,148,158,152,140,152,152,198,198,301,284,285,270,310,318,371,341,352
Central Park South,Manhattan,Neighborhood,42,46,53,55,56,50,50,43,35,28,27,28,36,27,25,25,24,23,22,22,20,23,22,26,28,25,24,27,19,23,27,27,22,24,27,24,30,27,26,24,22,22,17,18,24,33,39,39,39,34,34,32,35,34,31,37,33,29,27,33,34,37,41,46,43,45,46,48,43,48,58,52,44,40,37,38,49,47,40,41,37,46,49,51,53,44,49,46,41,45,46,49,51,46,47,47,51,48,43
Chelsea,Manhattan,Neighborhood,145,142,142,157,155,152,137,132,120,124,124,120,124,131,129,107,105,93,91,91,86,82,86,87,94,87,96,84,86,90,107,113,103,87,95,103,118,126,138,153,154,139,150,144,140,145,186,184,234,287,239,192,183,179,177,197,188,205,227,208,226,202,192,210,258,270,263,262,242,256,292,288,320,295,299,283,274,285,295,281,234,347,353,369,456,413,391,474,483,492,454,425,399,388,425,427,460,423,444
Chinatown,Manhattan,Neighborhood,2,1,2,3,4,3,4,4,3,6,6,6,7,6,8,12,12,6,7,5,3,4,7,6,6,8,8,11,8,7,7,4,5,5,4,3,4,6,6,7,10,10,11,12,10,13,16,11,13,16,22,31,23,19,20,20,20,25,29,22,32,27,20,20,26,25,19,21,25,19,21,19,25,28,23,22,25,23,29,45,35,29,39,38,37,42,59,55,42,57,25,22,20,19,26,37,51,38,42
Civic Center,Manhattan,Neighborhood,0,0,0,1,1,0,0,0,0,0,0,1,1,0,0,1,2,0,0,0,0,0,0,0,0,0,0,0,0,1,1,0,0,0,0,0,0,0,0,0,0,1,1,0,0,3,7,8,11,6,6,4,7,9,5,8,4,3,4,2,4,5,5,8,5,6,6,6,8,8,6,4,4,4,6,5,5,3,13,8,5,7,10,7,6,4,4,2,2,3,4,1,1,1,1,0,0,0,0
Clinton Hill,Brooklyn,Neighborhood,18,21,20,18,26,26,22,19,19,20,16,18,20,17,19,16,23,18,12,12,28,38,24,17,18,12,20,21,26,17,8,6,15,21,16,13,16,17,24,36,37,38,30,23,23,21,23,24,32,38,48,39,39,65,65,73,54,53,48,43,49,68,66,70,94,90,104,97,96,80,96,101,91,80,87,113,115,118,87,77,68,86,97,77,78,92,106,105,124,129,115,98,110,100,134,120,122,128,136
Cobble Hill,Brooklyn,Neighborhood,12,13,4,13,14,15,18,20,22,14,15,14,13,16,20,19,13,10,10,6,4,2,5,4,6,4,9,8,6,4,6,6,4,6,8,3,3,5,9,11,8,11,12,14,15,15,20,12,11,12,14,17,18,25,23,18,19,19,24,30,26,28,30,28,25,38,32,35,36,41,49,40,40,26,31,35,35,35,29,31,29,43,53,46,42,47,55,55,54,55,53,48,42,55,67,71,79,71,63
College Point,Queens,Neighborhood,0,0,0,0,0,0,0,0,0,0,0,0,0,0,0,0,0,0,0,0,0,0,0,0,0,0,0,0,0,0,0,0,0,0,0,0,0,0,0,0,0,0,0,0,0,0,0,0,0,0,0,0,1,1,2,2,2,2,2,2,2,2,3,2,1,2,1,2,1,2,1,1,2,2,1,1,0,1,0,0,0,0,0,0,2,1,2,2,2,4,4,3,3,4,3,4,3,0,1
Columbia Street Waterfront District,Brooklyn,Neighborhood,4,4,0,0,0,3,3,5,3,4,3,3,3,3,1,1,0,1,1,1,2,3,2,0,2,3,4,3,2,2,1,2,2,2,3,3,2,1,1,3,2,4,4,2,3,3,5,5,5,7,6,4,3,3,3,5,4,3,5,8,16,19,10,10,8,12,8,7,7,11,16,17,16,15,19,18,13,13,8,7,5,7,9,13,15,24,17,16,14,18,9,15,15,15,22,25,26,28,24
Concourse,Bronx,Neighborhood,1,1,2,2,2,2,3,3,3,3,3,4,2,4,4,4,3,3,1,1,2,4,6,4,1,3,4,5,3,4,4,2,3,4,4,6,5,5,5,7,6,4,7,6,7,7,7,3,5,5,6,4,4,5,6,6,5,7,8,9,9,9,6,5,9,11,20,16,13,4,6,5,9,14,13,15,20,17,13,9,13,18,12,8,17,21,23,21,21,16,22,20,29,25,22,25,26,21,26
Coney Island,Brooklyn,Neighborhood,0,0,0,0,0,0,0,0,1,1,1,0,0,0,0,0,0,0,0,0,0,0,0,0,0,0,0,0,0,0,0,0,0,1,1,2,2,1,1,1,0,2,3,6,6,3,4,6,4,4,4,5,3,0,3,9,5,6,4,3,4,6,3,2,3,2,4,3,1,3,4,2,6,6,4,6,4,2,21,15,9,8,12,12,9,9,12,10,10,6,8,13,12,11,12,9,14,9,13
Corona,Queens,Neighborhood,0,0,0,0,0,0,1,1,0,0,0,0,0,0,0,0,1,1,1,0,0,0,0,0,0,0,0,0,0,0,0,0,0,1,1,0,0,0,1,1,1,3,2,2,1,0,2,1,1,0,0,1,0,0,0,0,0,0,1,2,2,2,2,2,2,1,1,1,0,0,0,12,13,25,26,26,24,18,29,15,24,21,14,17,33,25,19,33,37,22,22,24,26,27,33,43,36,41,36
Crown Heights,Brooklyn,Neighborhood,13,7,7,6,8,9,10,7,8,22,23,20,18,18,21,11,13,14,12,8,14,11,10,9,8,7,14,15,16,18,14,11,13,16,17,15,17,15,26,43,43,43,36,35,36,31,38,40,49,46,40,48,57,57,53,61,71,72,63,69,77,88,67,82,103,124,123,134,153,159,144,150,155,137,167,171,133,221,236,197,179,181,189,185,163,209,239,264,269,267,242,254,260,254,295,279,333,364,484
Ditmas Park,Brooklyn,Neighborhood,0,0,0,0,0,0,2,2,3,3,3,3,3,4,2,2,1,0,0,0,0,0,0,0,0,1,2,2,2,4,4,6,6,5,6,7,8,6,2,5,5,4,5,6,12,7,10,9,16,11,6,8,8,10,5,11,27,16,20,17,16,17,24,23,26,27,28,36,41,36,41,42,33,35,40,25,28,46,41,43,35,40,39,48,56,51,34,45,52,50,40,50,55,51,61,66,78,83,84
Douglaston,Queens,Neighborhood,0,0,0,0,0,0,0,0,0,1,1,1,1,0,0,0,0,0,0,0,0,0,0,0,0,0,0,0,0,0,0,0,0,0,0,0,0,0,0,0,0,0,0,0,0,0,0,0,0,0,0,0,0,0,1,4,4,1,1,1,1,1,1,0,1,1,1,0,1,6,0,0,0,0,0,0,0,0,0,0,0,0,0,0,0,1,1,1,0,0,0,0,1,0,0,0,0,1,1
Downtown Brooklyn,Brooklyn,Neighborhood,16,13,20,21,26,28,25,27,29,89,95,43,35,36,25,21,23,26,19,24,26,29,40,45,46,32,23,22,26,23,29,17,15,19,28,36,32,32,36,41,34,36,48,49,48,60,53,56,37,31,37,39,42,66,79,70,59,70,67,79,70,64,68,72,67,74,77,74,75,69,75,78,74,67,69,76,68,80,109,106,97,152,195,180,184,230,241,210,159,196,199,199,174,154,164,167,181,186,217
DUMBO,Brooklyn,Neighborhood,7,6,6,14,20,19,19,18,20,16,19,24,25,23,23,9,12,12,7,11,7,4,5,7,13,12,13,7,4,3,3,4,5,7,10,10,14,17,14,11,8,11,8,7,7,3,5,15,17,19,17,22,22,45,44,33,25,18,35,32,36,39,38,38,41,38,30,36,43,34,43,36,34,37,34,46,33,43,44,37,32,33,47,49,58,53,41,47,58,63,59,45,37,45,52,41,49,56,58
Dyker Heights,Brooklyn,Neighborhood,0,0,1,2,1,1,2,3,5,4,4,3,4,3,2,2,1,2,2,2,2,1,1,2,3,4,1,1,1,1,3,3,0,0,5,3,2,2,2,0,0,0,0,0,0,1,2,5,5,2,4,4,0,0,0,1,2,1,1,4,4,4,2,5,9,7,8,8,6,7,12,8,5,6,7,7,5,7,5,4,9,8,7,6,10,12,12,7,5,7,4,4,5,4,1,3,9,14,15
East Elmhurst,Queens,Neighborhood,0,0,0,0,0,0,0,0,0,0,0,0,0,0,0,0,0,0,0,0,0,0,0,0,0,0,0,0,0,0,0,0,0,0,0,0,0,0,0,0,0,0,0,1,1,0,0,0,0,0,0,0,0,0,0,0,0,0,0,0,2,2,0,0,0,0,1,1,0,1,0,0,0,0,0,1,4,1,1,0,0,0,0,0,0,0,0,0,0,0,0,0,0,0,0,1,1,2,0
East Flushing,Queens,Neighborhood,0,0,0,0,0,0,0,0,0,0,0,0,0,0,0,0,0,0,0,0,0,0,0,0,0,0,0,0,0,0,0,0,0,0,0,0,0,0,0,1,0,0,0,0,0,0,0,0,0,0,0,1,2,1,0,0,0,0,0,0,0,0,0,0,0,0,0,2,2,3,5,3,3,2,4,1,1,3,2,3,2,3,0,0,4,4,4,3,10,8,12,8,5,5,6,7,12,17,25
East Harlem,Manhattan,Neighborhood,29,30,33,34,40,52,45,39,39,39,40,33,31,35,37,35,36,45,45,32,24,17,17,13,10,10,15,25,26,31,23,17,14,13,18,28,29,25,32,39,37,37,40,45,36,32,45,40,45,43,52,51,67,87,81,82,87,80,75,70,82,99,116,117,138,162,165,139,113,93,103,102,109,120,134,97,152,168,137,121,112,144,155,173,145,151,159,157,159,189,175,156,125,105,136,156,145,142,168
East New York,Brooklyn,Neighborhood,0,0,0,0,0,0,0,0,0,0,0,0,0,0,0,0,0,0,1,0,0,0,0,1,2,2,1,2,1,1,0,0,0,0,0,0,3,3,2,1,1,1,2,1,1,1,6,5,1,1,1,0,1,2,3,4,2,1,2,5,5,3,2,3,7,5,5,1,3,3,4,3,4,10,10,5,8,9,8,12,5,4,6,4,4,9,14,6,9,5,6,6,6,9,12,10,14,19,17
East Tremont,Bronx,Neighborhood,0,0,0,0,0,0,0,0,0,0,0,0,0,0,0,0,0,0,0,0,0,0,0,0,0,0,0,0,0,0,0,0,0,0,0,0,0,0,0,0,0,0,0,0,1,0,0,0,0,0,0,0,0,0,0,0,0,0,0,7,7,11,5,2,4,5,5,2,1,4,6,7,9,4,6,6,4,3,0,1,7,6,4,1,3,3,1,1,2,1,2,2,3,5,5,7,5,3,4
East Village,Manhattan,Neighborhood,72,70,87,83,86,101,93,87,97,90,106,107,86,84,94,86,81,76,70,58,59,60,54,61,69,77,66,85,95,81,71,73,66,75,88,86,104,131,153,164,175,153,116,128,131,138,164,164,171,187,218,267,257,268,238,222,201,197,223,219,260,280,290,325,354,351,311,323,272,280,288,234,262,308,310,345,342,319,274,274,252,328,406,395,435,446,497,510,521,559,483,469,402,368,428,420,486,499,577
Elmhurst,Queens,Neighborhood,4,5,4,3,5,5,5,5,3,3,3,3,4,3,1,2,3,1,1,1,0,0,0,0,0,0,0,0,0,0,0,0,1,1,0,1,1,1,0,0,0,2,1,41,35,33,24,23,24,21,13,10,13,12,8,17,16,10,10,10,10,7,10,16,11,14,18,17,16,11,9,10,11,10,9,9,14,16,18,23,23,27,38,36,37,32,33,27,32,32,30,28,32,25,30,42,48,53,47
Far Rockaway,Queens,Neighborhood,1,0,0,0,0,0,0,0,0,0,0,0,0,0,0,0,0,0,0,0,0,0,1,0,0,0,0,0,0,0,0,0,0,0,0,0,0,0,0,0,0,0,0,1,1,1,5,4,2,3,3,5,7,19,19,17,16,15,14,10,10,9,5,5,5,1,1,2,2,2,2,1,3,1,3,3,5,6,6,5,3,3,1,2,2,2,3,13,19,19,17,13,9,6,9,9,4,3,4
Financial District,Manhattan,Neighborhood,125,140,125,119,122,122,113,109,115,107,98,95,69,91,85,88,74,79,102,104,98,97,97,95,106,77,94,110,126,130,100,89,98,93,96,102,116,116,116,125,129,132,115,119,121,145,173,190,242,265,288,295,268,246,207,200,180,193,225,268,252,245,245,212,218,202,218,211,209,222,237,240,244,224,230,227,204,222,220,225,199,330,338,357,360,384,351,359,355,365,332,332,298,310,331,331,348,344,340
Flatbush,Brooklyn,Neighborhood,0,0,0,0,2,1,2,3,3,2,2,3,2,3,3,4,1,5,6,5,3,2,1,2,2,0,1,1,1,2,4,4,4,3,4,9,8,2,0,1,6,8,6,12,11,7,10,11,13,20,16,20,23,29,28,24,11,15,16,12,12,13,17,25,34,63,86,97,106,63,36,43,30,34,48,56,39,43,57,61,55,61,59,64,69,71,78,84,93,105,114,100,109,113,139,120,138,122,118
Flatiron,Manhattan,Neighborhood,69,63,71,66,67,70,59,70,57,51,60,55,46,46,53,46,44,50,58,46,51,47,51,55,57,45,47,48,39,34,31,45,37,32,33,31,33,34,40,48,49,51,49,54,59,61,83,85,105,91,79,79,93,85,71,87,87,82,76,80,94,99,98,101,112,112,111,119,112,113,135,112,121,113,117,106,106,109,99,122,103,166,160,153,180,180,212,188,169,172,187,204,195,179,197,178,228,231,241
Flatlands,Brooklyn,Neighborhood,0,0,0,0,0,0,0,0,0,0,0,0,0,0,0,0,0,0,0,0,0,0,0,0,0,0,0,0,0,0,0,0,0,0,0,0,0,0,0,0,0,0,0,1,1,1,2,2,2,2,2,1,1,1,1,1,1,2,1,1,1,1,1,0,1,1,2,2,2,1,0,0,1,0,0,0,0,1,0,0,0,1,1,2,2,2,1,0,2,1,2,1,0,0,2,3,1,0,2
Flushing,Queens,Neighborhood,0,0,0,0,0,0,0,0,1,0,0,0,0,1,2,1,0,0,1,1,1,1,0,0,0,0,0,1,1,0,0,0,0,0,0,0,1,2,2,1,0,0,0,0,0,1,8,8,11,10,6,6,4,2,1,2,2,3,3,2,1,0,2,7,8,7,9,7,12,13,9,9,11,9,13,23,29,19,20,23,18,15,8,8,10,13,12,18,21,15,16,16,18,21,25,37,55,51,59
Fordham,Bronx,Neighborhood,0,0,0,0,0,0,0,0,0,0,0,0,0,0,0,0,0,0,0,0,0,0,0,0,0,0,0,0,0,0,0,0,0,0,0,0,0,0,0,2,2,2,4,2,1,1,1,1,0,0,0,2,2,1,1,4,3,2,1,2,1,0,3,2,4,3,7,3,4,9,4,8,6,6,8,12,10,5,7,12,12,13,13,13,14,10,12,12,15,13,17,17,21,14,21,19,12,17,21
Forest Hills,Queens,Neighborhood,6,5,6,5,7,7,9,12,12,11,11,10,13,19,20,24,16,14,8,9,9,7,7,5,12,16,16,10,7,11,14,19,10,15,12,12,21,22,18,12,16,21,26,28,24,15,30,28,35,29,29,36,32,34,25,44,52,50,52,47,52,57,59,64,53,53,49,56,59,56,60,59,69,61,71,71,95,97,103,110,116,102,87,85,103,95,100,115,104,115,109,110,108,105,126,139,182,175,211
Fort Greene,Brooklyn,Neighborhood,24,25,24,23,24,18,11,13,13,13,18,20,20,18,17,21,16,9,8,8,9,10,10,9,9,13,15,20,22,14,16,12,8,11,13,15,17,15,17,27,32,24,17,19,16,12,18,22,22,24,27,26,30,36,38,25,36,42,55,59,50,39,62,69,62,57,96,78,59,58,56,64,52,63,80,62,61,82,84,94,61,81,78,85,87,91,83,85,105,123,125,114,129,119,154,122,135,122,143
Fresh Meadows,Queens,Neighborhood,0,0,0,0,0,0,0,0,0,0,0,0,0,0,0,0,0,0,0,0,0,0,0,0,0,0,0,0,0,0,0,0,0,0,0,0,0,0,0,0,0,0,0,0,0,0,0,0,0,0,0,0,0,0,0,0,0,0,0,0,0,0,0,0,0,0,0,2,1,1,1,0,0,2,2,1,2,1,1,1,1,1,1,1,1,1,1,1,1,1,1,1,1,1,2,3,4,4,5
Glen Oaks Village,Queens,Neighborhood,0,0,0,0,0,0,0,0,0,0,0,0,0,0,0,0,0,0,0,0,0,0,0,0,0,0,0,0,0,0,0,0,0,0,0,0,0,0,0,0,0,0,0,0,0,0,0,0,0,0,0,0,0,0,0,0,0,0,0,0,0,0,0,0,0,0,0,0,0,0,0,0,0,0,1,1,1,1,0,0,0,2,2,2,1,0,0,0,0,0,0,1,1,1,0,0,0,1,1
Glendale,Queens,Neighborhood,1,0,0,0,0,0,0,0,0,0,0,0,0,0,0,0,0,0,0,0,0,0,0,0,0,0,0,0,0,0,0,0,0,0,0,0,0,0,0,2,2,2,2,2,2,2,2,2,2,0,0,0,1,0,1,1,2,1,2,2,0,0,0,0,1,1,1,1,3,6,6,6,6,6,4,8,7,3,6,6,5,5,17,17,17,16,11,15,21,15,9,16,16,15,13,12,20,15,8
Gowanus,Brooklyn,Neighborhood,2,2,3,3,2,1,0,1,2,3,4,4,3,3,4,5,2,1,0,0,2,2,2,1,1,3,2,2,3,1,2,2,1,1,1,1,0,0,2,6,5,3,0,1,4,6,5,8,11,12,18,16,12,8,8,11,15,12,13,11,6,5,9,17,25,23,16,22,17,20,20,8,13,13,12,13,14,14,5,9,13,12,15,16,26,29,38,36,32,32,28,27,36,35,48,37,40,37,35
Gramercy Park,Manhattan,Neighborhood,68,71,80,65,61,59,50,54,53,51,56,66,58,63,59,57,48,44,42,37,33,36,40,28,44,44,33,32,32,29,34,28,31,38,39,35,40,53,56,65,73,68,59,44,46,54,75,80,87,86,93,84,97,92,72,62,67,82,86,80,83,90,90,83,107,102,86,98,93,70,69,71,85,106,105,109,125,112,91,75,89,104,107,136,130,127,143,185,179,193,172,144,149,137,138,136,161,164,179
Gravesend,Brooklyn,Neighborhood,0,0,0,0,0,0,0,0,0,0,0,0,0,0,1,1,3,2,1,1,1,1,1,1,1,0,0,0,0,1,1,1,1,1,1,2,2,2,3,4,3,2,4,8,7,7,24,22,24,14,19,20,11,9,10,11,11,11,11,16,22,24,22,20,17,10,13,13,12,9,8,4,8,15,16,27,19,12,26,49,28,32,32,22,22,14,10,15,24,15,19,20,19,30,37,30,33,32,48
Greenpoint,Brooklyn,Neighborhood,13,13,14,20,21,25,18,17,8,7,7,4,9,12,14,8,6,6,3,3,4,3,7,8,5,7,10,7,11,11,11,9,8,7,4,8,12,11,12,11,21,21,24,20,19,18,27,27,28,30,21,19,26,31,38,44,48,48,58,52,67,69,58,57,68,70,82,82,84,81,68,60,76,94,97,117,121,157,162,120,117,163,156,161,152,175,192,202,189,177,180,142,131,137,189,216,238,233,218
Greenwich Village,Manhattan,Neighborhood,93,82,85,91,86,75,68,61,72,72,72,78,67,71,62,57,58,61,52,48,46,48,54,46,53,54,55,46,44,59,54,54,44,47,60,57,70,67,80,93,86,86,71,76,77,98,111,111,117,137,152,163,166,165,149,146,129,112,118,111,136,130,179,167,176,167,146,122,120,133,145,130,129,156,143,161,176,169,161,151,139,200,202,194,206,217,217,227,222,256,240,224,212,191,217,221,234,233,276
Greenwood,Brooklyn,Neighborhood,5,3,4,8,10,9,9,7,8,7,9,6,5,4,4,5,2,2,2,2,0,0,0,0,0,0,0,2,1,1,1,3,4,3,4,2,4,2,3,3,4,3,3,5,3,3,3,2,3,5,14,8,10,12,14,17,18,20,28,21,14,19,24,21,21,26,26,24,14,17,19,19,21,18,23,32,28,32,35,27,22,32,32,32,38,40,42,46,42,45,48,49,53,45,40,39,54,49,68
Hamilton Heights,Manhattan,Neighborhood,15,18,15,17,17,16,20,18,19,14,17,16,13,8,13,9,11,14,12,12,6,6,7,10,10,6,11,14,14,12,28,25,23,18,16,20,25,24,18,13,26,29,19,22,21,17,25,15,30,34,40,36,30,33,25,34,35,38,35,28,39,40,44,48,47,47,30,31,42,44,32,34,43,43,47,42,49,46,48,45,37,80,78,78,70,69,62,82,94,94,84,88,67,66,81,80,94,83,95
Highbridge,Bronx,Neighborhood,0,0,0,0,0,0,0,0,0,0,0,0,1,1,0,0,0,0,0,0,0,0,0,0,0,0,1,0,0,1,1,0,2,2,3,3,3,4,4,3,1,1,2,5,4,3,3,3,3,1,2,1,2,2,1,3,4,4,2,1,2,2,1,0,1,2,4,4,2,2,5,3,5,5,4,3,7,5,7,6,6,7,1,3,2,4,4,1,3,2,7,5,9,11,9,11,5,4,11
Howard Beach,Queens,Neighborhood,0,0,0,0,0,0,0,0,0,0,0,0,0,0,0,0,0,0,0,0,0,0,0,0,0,0,0,0,0,0,0,0,0,0,0,0,0,0,0,0,0,0,0,0,0,0,0,0,0,0,0,0,1,0,0,0,0,0,0,0,0,0,0,0,0,0,0,1,1,1,0,0,0,0,0,0,0,0,7,22,17,5,6,1,1,0,0,0,1,0,2,3,4,4,3,1,1,1,1
Inwood,Manhattan,Neighborhood,1,3,4,4,6,9,4,2,2,1,1,2,4,6,7,6,5,3,4,5,5,6,4,4,4,4,7,6,1,2,1,2,4,4,5,7,7,10,10,6,9,10,9,13,10,8,8,12,15,15,12,9,8,15,19,21,18,16,22,38,41,41,22,17,31,29,37,41,28,24,37,44,45,29,37,30,30,28,31,34,37,54,58,65,63,57,41,55,57,59,65,81,89,78,89,73,89,80,97
Jackson Heights,Queens,Neighborhood,5,5,4,2,3,5,6,6,6,5,6,3,2,2,1,2,1,1,2,2,1,1,0,0,0,2,3,3,1,1,0,0,1,2,2,0,0,1,2,1,4,3,2,1,3,6,14,8,11,9,10,5,7,7,7,10,15,15,24,31,34,35,21,7,13,9,14,29,25,39,35,31,32,41,39,33,33,35,36,46,33,31,25,33,39,23,34,27,25,34,48,59,49,48,58,74,71,79,89
Jamaica,Queens,Neighborhood,0,0,0,0,0,0,0,0,0,0,0,0,0,0,0,0,0,0,0,0,0,0,0,0,0,0,0,0,0,0,0,0,0,0,0,0,0,0,0,0,1,1,1,1,0,0,0,0,1,3,7,4,4,6,6,6,4,2,3,3,6,3,5,2,2,2,3,3,5,6,3,4,4,2,4,4,5,5,5,3,5,2,4,5,4,2,2,1,1,7,9,7,13,12,13,19,26,23,17
Jamaica Estates,Queens,Neighborhood,0,0,0,0,0,0,0,0,0,0,0,0,0,0,0,0,0,1,1,1,0,0,0,0,0,0,0,0,0,0,0,0,0,0,0,0,0,0,1,1,1,0,0,0,0,0,0,0,0,0,0,0,0,1,1,1,3,1,3,4,7,3,4,3,3,3,5,3,7,3,3,3,4,4,7,11,13,7,8,10,10,9,9,8,10,7,11,9,10,7,9,12,15,12,5,3,7,4,9
Kensington,Brooklyn,Neighborhood,4,4,3,7,8,5,6,12,11,10,3,4,3,2,1,1,1,2,3,4,6,3,3,4,3,2,2,4,5,6,5,4,5,4,4,5,5,6,4,2,3,5,7,7,4,6,10,9,7,7,8,16,17,12,19,28,21,20,29,28,21,20,21,22,30,28,22,33,37,45,48,37,45,40,35,43,41,47,54,58,42,47,41,41,53,47,53,54,52,39,44,39,44,39,45,66,94,75,90
Kew Gardens,Queens,Neighborhood,3,3,4,5,3,7,4,3,3,2,3,2,0,0,0,2,2,2,1,0,0,1,1,1,2,2,1,1,1,2,2,2,2,1,4,5,6,17,11,9,8,7,3,3,1,1,4,9,11,12,5,10,13,12,13,20,18,17,18,19,28,24,20,21,25,32,23,19,29,32,26,24,29,27,29,40,34,27,35,44,49,52,51,50,52,51,45,36,40,47,38,38,45,36,40,47,63,64,85
Kew Gardens Hills,Queens,Neighborhood,0,0,0,0,0,0,0,0,0,0,0,0,0,0,0,0,2,2,2,1,1,2,2,2,1,1,1,1,1,1,1,1,1,1,1,1,1,1,1,1,1,1,1,1,1,0,1,1,2,5,4,3,0,0,1,2,2,3,2,5,4,3,3,5,5,3,6,5,6,4,1,3,5,6,8,7,5,8,7,3,1,10,8,9,9,17,5,14,16,8,9,7,11,10,16,16,21,24,28
Kingsbridge,Bronx,Neighborhood,7,7,6,9,10,10,10,10,7,7,7,6,5,6,6,6,2,2,2,2,2,2,1,1,1,1,1,1,2,2,2,1,1,1,1,2,3,3,2,2,4,5,7,11,8,7,7,7,8,8,8,9,9,7,6,6,7,8,4,5,5,5,6,13,16,12,21,15,18,16,18,22,22,16,19,16,23,15,17,24,21,31,42,41,41,27,33,28,26,39,33,26,29,22,24,31,33,33,26
Kips Bay,Manhattan,Neighborhood,79,91,90,83,80,64,57,74,73,62,75,101,75,76,64,50,63,88,99,69,63,55,66,60,86,90,96,99,86,107,111,103,82,80,87,110,93,83,111,104,114,117,96,102,87,107,135,142,166,158,168,158,165,168,141,159,151,143,149,138,180,177,170,174,191,198,195,179,151,134,153,160,182,173,178,193,200,205,192,156,133,207,210,206,214,236,247,315,330,353,270,285,241,217,255,245,281,284,309
Lenox Hill,Manhattan,Neighborhood,192,192,185,195,207,179,162,159,172,177,184,188,156,160,140,141,121,105,101,104,107,104,102,99,110,91,89,75,64,79,77,75,84,73,92,108,111,109,120,117,117,110,123,133,125,138,164,152,153,163,182,198,216,214,187,212,190,180,175,189,183,192,186,169,225,241,232,228,197,193,207,204,245,268,282,245,268,261,270,277,244,295,325,336,368,363,405,387,384,384,365,362,356,325,347,320,363,359,405
Lincoln Square,Manhattan,Neighborhood,176,204,240,240,244,246,254,250,217,216,218,204,158,157,156,160,143,133,139,142,134,116,132,143,158,148,183,191,159,170,186,184,149,146,155,158,165,179,201,193,177,172,139,155,151,156,191,193,191,226,210,225,222,211,229,230,188,240,225,248,244,251,280,266,276,244,232,236,224,218,240,218,254,268,252,297,300,274,269,275,244,439,448,399,424,414,422,436,454,486,445,472,449,427,392,384,422,432,481
Little Italy,Manhattan,Neighborhood,3,5,6,5,8,9,9,9,9,11,13,12,13,10,10,11,6,7,1,2,4,4,3,7,8,10,11,6,10,6,3,5,5,4,5,3,4,3,6,9,12,15,10,9,12,10,17,12,11,10,5,6,8,10,12,11,9,8,10,15,29,28,22,20,19,17,19,21,19,18,22,14,16,17,12,12,29,24,13,15,13,16,17,29,28,31,34,34,32,39,31,23,35,33,35,25,26,32,41
Little Neck,Queens,Neighborhood,0,0,0,0,0,0,0,0,0,0,0,0,0,0,0,0,0,0,0,0,0,0,0,0,0,0,0,0,0,0,0,0,0,0,0,0,0,0,0,0,0,0,0,0,0,0,0,0,0,0,0,0,1,1,1,0,0,0,0,0,0,0,0,0,0,0,1,1,1,0,0,1,2,1,3,1,1,0,0,0,0,1,3,2,3,3,1,0,0,1,0,2,4,1,0,0,0,0,0
Long Island City,Queens,Neighborhood,23,35,37,44,37,37,38,32,44,41,41,38,27,39,42,38,44,41,44,27,27,23,17,35,24,23,39,33,30,32,32,24,18,18,25,20,31,38,44,38,45,45,46,46,41,49,65,68,71,79,73,127,111,107,105,107,105,91,101,106,135,142,143,130,136,163,132,125,117,124,116,108,151,160,160,159,159,158,198,225,230,295,289,293,333,354,405,416,444,470,423,374,377,354,367,351,485,448,441
Lower East Side,Manhattan,Neighborhood,50,55,45,49,51,53,49,44,48,45,48,46,43,42,40,37,45,48,45,51,28,23,28,27,35,42,37,29,41,57,51,38,29,55,59,42,35,41,48,52,59,81,67,64,56,57,82,77,81,110,121,106,123,136,95,100,90,95,93,107,107,115,138,130,133,146,127,100,96,85,100,98,113,105,113,116,122,127,121,110,89,117,158,166,182,168,186,184,196,191,183,181,181,179,197,198,237,257,294
Manhattan Valley,Manhattan,Neighborhood,22,23,28,27,23,26,36,37,29,26,28,26,26,31,36,27,21,20,12,8,11,14,15,14,16,11,13,14,11,7,10,15,16,17,16,13,18,22,27,34,29,36,24,25,25,27,33,39,42,44,57,59,65,63,50,45,72,67,59,55,45,44,57,53,56,59,50,44,42,42,45,41,52,53,56,62,55,46,37,43,42,59,54,60,72,64,72,104,102,98,87,83,62,56,76,70,66,85,100
Manhattanville,Manhattan,Neighborhood,0,0,0,0,0,0,0,0,0,0,0,0,1,1,0,0,0,0,0,0,0,0,0,0,0,0,0,0,0,0,0,0,0,0,0,0,0,0,0,0,0,0,0,0,0,0,0,0,0,0,0,0,0,1,1,2,3,1,2,0,0,0,0,0,1,1,1,0,1,2,1,1,5,5,0,0,2,3,0,1,1,2,3,4,3,2,3,3,3,3,3,0,0,1,2,1,2,1,0
Marble Hill,Manhattan,Neighborhood,2,0,0,0,0,0,0,0,0,0,0,0,0,0,0,0,0,0,0,0,0,0,0,0,0,0,0,0,0,0,0,0,0,0,0,0,0,0,0,0,0,0,0,0,0,0,1,4,2,2,2,1,0,0,1,1,1,0,0,1,0,0,2,4,4,3,3,3,3,4,3,1,2,2,2,2,3,1,3,1,2,3,1,2,1,0,0,0,1,1,1,1,2,1,2,1,3,3,1
Marine Park,Brooklyn,Neighborhood,0,0,0,0,0,0,0,0,0,0,0,0,0,0,0,0,0,0,0,0,0,0,0,0,0,0,0,0,0,0,0,0,0,0,0,0,0,0,0,0,0,0,0,0,0,0,1,1,1,0,1,1,0,0,0,1,0,0,1,0,0,0,0,0,0,1,1,0,0,0,3,1,1,2,3,3,2,3,3,1,1,0,0,0,2,2,3,2,2,4,3,1,3,4,3,1,1,2,1
Maspeth,Queens,Neighborhood,0,0,0,0,0,0,0,0,0,0,0,0,0,0,0,0,0,0,0,0,0,0,0,0,2,1,1,0,0,0,0,0,0,0,0,0,0,0,0,0,0,0,0,0,0,0,0,0,0,0,0,0,0,0,0,0,0,0,2,2,0,0,0,1,2,2,0,1,1,2,2,2,3,5,9,7,3,1,2,0,1,3,2,0,2,2,1,2,1,0,0,0,2,2,1,3,3,1,1
Melrose,Bronx,Neighborhood,0,0,0,0,0,0,0,0,0,0,0,0,0,0,0,0,0,0,0,0,0,0,0,0,0,0,0,0,0,0,0,0,1,1,1,1,0,0,0,0,0,0,0,0,0,0,0,0,0,0,0,0,0,0,0,0,0,0,0,0,0,0,0,0,0,0,0,0,0,0,0,0,0,0,0,0,0,0,0,0,0,0,1,0,0,0,0,1,1,2,2,0,0,1,1,3,1,4,2
Middle Village,Queens,Neighborhood,0,0,0,0,0,0,0,0,0,0,0,0,0,0,0,0,0,0,0,0,0,0,0,0,0,0,0,0,0,0,0,0,0,0,0,0,0,0,0,0,0,0,0,0,0,1,1,0,0,0,0,0,0,0,0,0,0,0,1,1,1,1,2,2,3,2,1,1,2,0,0,1,3,7,4,4,3,4,4,2,3,8,6,6,6,4,3,3,4,7,6,8,5,5,5,6,6,5,10
Midtown,Manhattan,Neighborhood,147,148,141,141,136,141,134,134,142,150,156,139,115,121,115,104,98,110,108,102,105,99,92,81,83,82,87,75,60,58,68,67,71,71,75,66,77,88,85,87,87,92,73,67,73,82,100,92,99,125,123,117,132,141,139,131,131,114,107,105,116,119,107,119,136,122,120,116,104,113,127,152,155,158,135,151,157,159,149,160,152,229,258,242,245,309,299,317,325,330,325,331,314,268,289,275,303,298,320
Midtown South,Manhattan,Neighborhood,62,65,61,64,60,51,31,31,40,43,36,38,46,56,51,61,68,75,67,54,46,42,47,48,47,58,61,45,44,59,55,59,61,40,37,40,54,61,64,65,75,67,69,71,60,77,90,90,105,105,113,113,117,121,117,112,98,92,106,100,115,107,96,94,109,90,95,117,108,99,98,115,117,120,121,128,143,130,130,125,125,134,160,152,154,153,162,183,196,177,132,160,167,171,172,170,159,159,188
Midtown West,Manhattan,Neighborhood,247,286,310,327,323,326,327,317,311,298,294,289,233,242,222,241,219,202,189,168,156,148,144,158,177,186,190,194,175,196,184,183,200,199,207,206,236,244,262,318,288,283,275,268,292,279,307,317,359,411,407,420,399,405,348,372,360,355,384,382,415,399,433,404,462,468,435,467,429,438,463,482,508,524,487,547,516,516,440,452,439,615,713,724,756,0,0,1,1,1,767,714,720,655,719,681,747,749,789
Midwood,Brooklyn,Neighborhood,2,2,2,2,3,3,3,3,2,2,1,1,1,0,0,0,0,1,1,1,1,1,1,1,1,1,2,2,2,2,1,3,3,2,3,3,9,12,8,14,15,15,12,17,14,10,17,26,18,20,13,10,13,15,24,23,25,21,20,26,35,34,33,37,30,43,42,33,22,30,34,30,31,35,45,49,48,40,38,35,29,41,35,21,30,32,36,40,33,46,58,45,43,37,55,72,70,69,90
Mill Basin,Brooklyn,Neighborhood,0,0,0,0,0,0,0,0,0,0,0,0,0,0,0,0,0,0,0,0,0,0,0,0,0,0,0,0,0,0,0,0,0,0,0,0,0,0,0,0,0,0,0,0,0,0,0,0,0,0,0,0,0,1,1,1,0,0,0,0,0,0,0,1,1,1,1,1,1,1,0,0,0,0,0,0,0,0,0,0,0,0,0,0,0,0,1,0,0,0,0,0,0,0,0,0,0,1,1
Morningside Heights,Manhattan,Neighborhood,5,5,8,7,9,9,12,11,13,10,7,10,12,12,9,7,6,4,6,3,2,1,4,4,5,5,6,4,5,6,6,10,5,4,2,5,5,6,9,10,14,15,7,5,3,7,12,12,9,11,11,14,26,23,21,18,14,12,17,19,20,25,42,28,36,35,23,27,26,24,30,32,28,33,32,37,44,41,31,29,19,28,25,22,27,23,33,43,55,61,48,45,36,28,28,27,30,31,32
Morris Heights,Bronx,Neighborhood,0,0,0,0,0,0,0,0,0,0,0,0,0,0,0,0,0,0,0,0,0,0,0,0,0,0,0,0,0,0,0,0,0,0,0,0,0,0,0,0,0,0,0,0,0,0,0,0,0,0,0,0,0,0,0,0,0,0,0,0,0,1,1,1,3,7,9,12,10,10,12,13,7,6,4,5,1,3,8,4,2,0,3,8,11,4,2,2,2,8,11,10,8,7,6,7,6,6,7
Mott Haven,Bronx,Neighborhood,0,0,0,0,0,0,0,0,0,0,0,0,0,0,0,0,0,0,0,0,0,0,0,0,0,0,0,0,0,0,0,0,0,0,0,0,0,1,1,3,2,0,0,0,1,1,2,2,3,7,5,1,1,1,0,0,0,0,3,2,3,0,0,1,2,3,0,0,0,0,2,5,6,4,5,3,3,2,0,0,0,0,2,1,3,6,6,6,2,2,2,1,3,3,7,7,7,18,19
Murray Hill,Manhattan,Neighborhood,128,136,133,126,125,111,98,105,112,114,99,110,111,126,109,108,85,87,80,69,64,65,67,77,86,74,75,70,59,64,63,54,57,65,66,74,82,76,80,88,98,94,78,78,89,104,126,117,144,141,137,151,162,155,140,130,130,144,151,146,155,154,146,155,179,177,188,162,152,152,156,166,181,198,198,189,208,184,155,155,140,223,250,236,235,258,300,306,297,322,294,279,264,268,306,303,324,302,345
Murray Hill (Queens),Queens,Neighborhood,4,4,4,4,4,0,0,0,0,1,1,1,0,0,0,0,0,1,1,1,0,1,1,1,1,1,2,2,2,1,1,1,1,1,1,1,3,3,3,3,4,3,4,4,4,2,1,1,2,4,3,2,1,6,4,2,2,2,3,4,3,5,8,7,4,8,9,12,7,11,20,12,8,9,13,5,2,8,13,7,8,18,21,11,14,4,7,21,23,26,18,20,16,8,14,11,20,22,21
New Dorp,Staten Island,Neighborhood,0,0,0,0,0,0,0,0,0,0,0,0,0,0,0,0,0,0,0,0,0,0,0,0,0,0,0,0,0,0,0,0,0,0,0,0,0,0,0,0,0,0,0,0,0,0,0,0,0,0,4,4,5,5,2,34,39,12,6,8,1,1,2,5,0,1,3,2,1,1,2,0,1,2,2,2,0,0,0,0,0,0,0,0,1,1,1,0,0,0,0,0,0,0,0,0,0,0,0
Nolita,Manhattan,Neighborhood,20,26,26,25,28,23,22,18,16,17,15,18,18,29,25,24,28,24,19,11,14,9,15,20,24,19,19,17,19,19,11,11,7,11,23,30,29,28,30,46,42,21,27,19,17,17,20,39,39,45,43,42,56,36,42,141,24,30,51,51,52,48,62,57,63,64,65,46,21,28,27,29,33,31,59,54,57,51,40,37,31,41,52,61,76,72,69,74,76,87,70,60,48,53,62,50,59,70,92
North Corona,Queens,Neighborhood,0,0,0,0,0,0,0,0,0,0,0,0,0,0,0,0,0,0,0,0,0,0,0,0,0,0,0,0,0,0,0,0,0,0,0,0,0,1,1,1,0,0,0,0,0,1,1,0,0,3,2,2,2,2,2,2,1,0,1,1,4,5,6,4,5,1,2,4,5,5,7,11,11,5,3,8,11,1,4,5,5,7,22,30,32,8,5,3,6,8,9,4,4,2,4,11,18,23,28
North New York,Bronx,Neighborhood,0,0,0,0,0,0,0,0,0,0,0,0,0,0,0,1,1,2,2,2,1,1,1,1,1,1,0,0,0,0,0,0,0,0,0,0,0,0,0,0,0,1,1,1,1,1,1,1,1,1,0,0,0,0,0,0,0,0,0,0,0,0,0,0,0,0,0,0,1,1,1,1,2,1,1,0,0,0,4,6,4,1,1,1,4,11,11,7,11,11,7,5,3,2,5,8,7,4,4
Norwood,Bronx,Neighborhood,0,0,0,0,1,2,2,1,1,1,1,1,0,0,0,0,0,0,0,0,0,0,0,0,0,0,0,1,1,0,0,0,0,0,0,0,0,0,0,1,2,2,3,2,2,2,3,4,2,3,2,1,3,4,6,3,3,2,2,4,5,1,0,2,3,5,6,5,7,8,18,10,9,11,16,20,28,23,21,40,35,39,43,28,28,19,13,19,26,27,33,28,29,25,21,16,25,21,25
Park Slope,Brooklyn,Neighborhood,60,58,61,72,75,64,59,66,56,52,63,64,59,70,67,53,53,49,50,59,41,27,29,33,43,37,49,52,41,40,31,29,25,25,42,40,36,40,45,34,51,51,45,59,51,59,62,69,76,82,100,93,98,103,121,140,139,131,151,129,122,150,158,140,175,219,214,278,252,226,281,253,251,246,234,207,229,273,308,252,215,232,233,230,256,246,229,262,282,284,256,256,249,237,306,315,364,387,405
Parkchester,Bronx,Neighborhood,1,0,0,0,0,0,0,0,0,1,1,1,1,1,0,0,0,0,0,2,2,2,2,2,0,0,1,1,0,0,1,1,2,2,1,0,1,2,1,1,1,1,1,1,1,1,2,2,2,3,4,7,4,3,4,9,6,1,3,2,1,1,0,0,19,20,20,22,24,19,8,5,6,7,6,9,11,14,15,8,8,7,6,7,5,1,1,3,8,6,9,12,18,21,16,4,8,7,11
Pelham Bay,Bronx,Neighborhood,0,0,0,0,0,0,0,0,0,0,0,0,0,0,0,0,0,0,0,0,0,0,0,0,0,0,0,0,0,0,0,1,1,1,2,1,1,3,3,3,3,1,1,1,2,1,1,1,0,0,0,0,1,1,1,0,0,0,0,0,0,1,2,2,3,4,1,2,4,3,3,6,8,10,7,5,4,1,4,7,5,7,6,9,5,5,6,6,3,7,3,11,12,8,5,6,6,6,7
Pelham Parkway,Bronx,Neighborhood,0,0,0,0,0,0,0,0,0,0,0,0,0,0,0,0,0,0,0,1,0,0,0,0,0,0,0,0,0,0,1,3,2,2,2,1,1,1,1,1,1,1,0,0,0,1,1,1,1,1,1,1,1,4,5,4,1,2,2,4,11,10,8,5,15,27,26,26,30,20,23,30,38,45,34,44,38,20,10,7,11,26,53,49,40,39,38,23,21,28,27,23,22,17,24,20,29,29,28
Prospect Heights,Brooklyn,Neighborhood,11,13,15,15,14,8,6,9,9,13,33,8,11,13,16,14,23,20,21,22,12,6,7,7,6,7,11,14,9,8,18,14,12,17,13,13,11,9,10,10,8,8,5,5,10,14,22,21,28,27,33,24,22,31,32,38,34,32,33,30,42,35,47,43,51,50,67,65,58,55,45,59,72,67,58,64,74,74,69,47,41,51,41,51,48,52,56,45,57,70,71,78,78,71,98,87,95,110,121
Prospect Lefferts Gardens,Brooklyn,Neighborhood,2,1,1,1,2,2,2,1,0,0,0,0,1,3,3,5,3,3,2,2,3,4,4,3,3,3,3,8,8,6,1,2,2,4,3,3,4,3,4,6,7,5,4,4,3,3,8,8,2,6,5,8,6,7,13,13,6,8,11,13,18,23,25,32,34,39,27,41,48,43,52,56,58,53,52,61,59,108,84,57,56,47,45,47,41,42,59,68,100,116,114,95,91,80,107,88,103,82,98
Prospect Park South,Brooklyn,Neighborhood,0,0,0,0,0,0,0,0,0,0,0,0,0,1,1,1,1,0,0,0,0,1,1,0,0,0,0,1,0,0,0,0,0,1,1,1,1,1,2,1,3,5,4,3,6,4,7,7,10,8,8,4,8,12,11,13,12,9,12,4,24,27,16,25,35,38,34,28,31,16,20,18,20,25,36,39,37,59,37,42,39,40,34,44,38,24,26,33,42,51,39,36,49,51,53,48,52,40,41
Queens Village,Queens,Neighborhood,0,0,0,0,0,0,0,0,0,0,0,0,0,0,0,0,0,0,0,0,0,0,0,0,0,0,0,0,0,0,0,0,0,0,0,0,0,0,0,0,0,0,0,0,0,0,0,0,0,0,0,0,0,0,0,0,0,0,0,0,0,1,1,0,0,0,2,1,2,3,3,3,1,0,0,0,3,2,2,3,3,2,0,0,1,0,3,3,1,1,2,4,2,4,2,2,1,2,2
Red Hook,Brooklyn,Neighborhood,0,2,2,2,2,2,2,1,0,3,3,2,2,0,0,0,0,0,2,3,2,1,2,1,2,3,2,1,1,1,0,0,0,1,1,2,3,2,4,7,5,2,4,7,6,6,9,7,5,5,5,9,9,7,5,3,8,9,9,11,12,9,10,8,16,17,14,12,10,8,6,12,14,14,9,16,13,12,14,14,15,16,18,11,9,9,19,16,8,4,5,6,8,11,13,8,4,7,22
Rego Park,Queens,Neighborhood,2,2,2,1,1,3,5,6,11,9,7,8,3,6,3,1,1,1,2,5,5,5,5,2,4,2,3,3,2,4,7,7,2,6,4,7,2,3,3,4,7,10,10,6,6,6,10,8,7,9,15,15,13,17,13,28,35,26,21,20,18,23,23,21,21,21,31,41,41,33,37,34,38,49,66,53,34,44,56,47,40,56,60,56,60,67,67,85,72,71,72,71,80,63,84,104,126,114,109
Richmond Hill,Queens,Neighborhood,0,0,0,0,0,0,0,0,0,0,0,0,0,0,0,0,0,0,1,1,0,0,0,0,0,0,0,0,1,0,0,0,0,0,0,0,0,0,0,0,0,0,0,0,1,2,1,0,0,1,2,3,3,3,4,3,5,3,1,2,2,1,2,1,1,1,1,0,3,4,5,1,2,1,0,2,3,1,3,3,2,10,14,7,5,2,3,5,3,2,5,5,4,4,11,10,6,3,2
Ridgewood,Queens,Neighborhood,0,0,0,0,0,0,0,0,0,0,0,0,0,0,0,0,0,0,0,0,0,0,0,0,0,0,0,0,0,0,0,2,1,0,0,5,5,5,0,1,1,1,0,1,1,1,1,1,1,1,2,2,2,6,7,5,4,3,2,3,3,6,7,8,7,6,7,10,9,4,5,6,8,17,16,23,20,20,18,13,11,20,22,16,31,22,27,32,27,23,25,31,33,28,32,35,40,49,53
Riverdale,Bronx,Neighborhood,9,12,13,13,15,14,15,14,13,13,15,21,20,22,18,17,11,10,6,3,3,2,5,6,11,10,12,11,13,8,8,7,9,7,5,13,14,15,13,16,21,17,10,18,20,25,27,32,28,35,36,35,33,27,20,16,19,21,25,26,34,34,44,44,43,37,38,34,35,33,36,34,44,38,35,38,41,43,51,41,41,57,75,71,56,49,48,54,49,42,47,63,56,58,63,70,79,67,79
Rockaway All,Queens,Neighborhood,1,0,0,0,0,0,0,0,0,0,0,0,0,0,0,0,0,0,0,0,0,0,1,0,0,0,0,0,0,0,0,0,0,0,0,0,0,0,0,0,0,0,0,1,1,1,5,5,3,4,4,6,7,19,20,19,20,21,18,13,13,14,10,11,10,5,8,8,10,10,6,3,8,13,13,11,12,12,18,14,7,6,8,7,12,15,10,25,36,31,26,20,15,12,15,13,5,8,9
Roosevelt Island,Manhattan,Neighborhood,2,1,0,1,2,2,1,2,5,7,6,8,9,8,3,7,9,5,7,4,8,9,8,7,11,8,7,9,4,4,10,11,16,14,3,2,2,2,4,7,8,5,6,4,7,7,7,3,5,7,10,11,12,5,9,8,10,5,6,5,4,6,3,4,5,10,10,16,13,12,9,14,21,11,11,7,9,9,18,23,18,31,24,17,15,21,22,27,24,26,29,27,22,18,31,33,40,30,24
Saint George,Staten Island,Neighborhood,0,0,0,0,0,0,0,0,0,0,0,0,0,0,0,0,0,0,0,0,0,0,0,0,0,0,0,0,0,0,0,0,0,0,0,0,0,0,0,2,9,10,11,4,5,2,2,2,2,2,1,1,0,0,0,0,0,0,1,2,3,3,4,2,7,7,6,7,5,1,12,14,22,17,10,8,7,8,5,13,9,5,5,4,5,8,9,8,7,10,7,3,8,5,8,8,9,9,12
Sheepshead Bay,Brooklyn,Neighborhood,1,0,0,0,0,0,0,0,0,1,1,2,2,1,1,1,0,1,1,2,2,4,7,2,0,0,0,0,0,2,1,1,1,1,1,0,11,8,14,16,9,5,8,17,18,11,14,26,18,23,19,16,13,13,20,29,21,27,21,41,36,39,33,53,60,50,58,48,25,21,26,22,27,38,45,59,80,41,43,39,35,39,47,39,46,38,42,42,47,46,51,54,68,74,69,69,102,99,102
Soho,Manhattan,Neighborhood,50,50,48,47,51,49,49,40,39,44,36,33,30,45,38,54,43,36,36,35,34,29,28,28,30,31,30,37,36,44,22,23,29,27,31,36,46,46,51,58,47,51,33,35,34,36,48,70,76,84,84,82,75,71,81,82,64,48,49,53,74,66,72,76,69,70,80,61,53,49,49,50,59,64,75,88,70,68,65,47,35,77,93,97,108,100,120,121,123,123,108,93,77,60,79,82,109,102,111
South Jamaica,Queens,Neighborhood,0,0,0,0,0,0,0,0,0,0,0,0,0,0,0,0,0,0,0,0,0,0,0,0,0,0,0,0,0,0,0,0,0,0,0,0,0,0,0,0,0,0,0,0,0,0,0,0,0,0,0,0,0,0,0,0,0,0,0,0,0,0,0,0,0,0,0,1,1,0,0,0,1,3,2,0,1,2,3,2,4,3,2,2,2,1,2,2,1,1,0,0,0,0,0,0,1,0,0
Stuyvesant Town/PCV,Manhattan,Neighborhood,2,1,1,2,2,4,4,2,2,2,2,2,1,1,1,3,3,1,1,1,1,1,0,0,0,0,0,0,0,0,0,0,0,0,0,0,0,0,0,0,0,0,0,0,0,0,0,0,0,0,0,0,3,3,3,0,0,0,0,169,321,707,369,26,29,26,22,20,16,12,19,11,13,25,172,180,242,221,144,88,38,34,40,47,34,45,56,70,62,50,40,32,41,50,51,55,49,48,40
Sunnyside,Queens,Neighborhood,2,1,4,7,10,7,5,3,5,4,5,5,4,5,6,3,4,1,2,3,2,3,4,2,2,1,3,3,2,3,4,6,3,5,6,5,6,8,6,8,9,7,10,12,11,15,25,30,31,30,29,27,36,30,25,37,35,27,33,53,56,57,44,45,53,65,71,42,43,49,64,64,63,59,61,68,87,80,62,91,81,104,97,103,113,116,123,116,115,127,124,127,158,147,176,200,215,172,177
Sunset Park,Brooklyn,Neighborhood,6,7,5,3,3,4,5,8,8,8,7,6,6,7,5,2,2,3,2,1,1,1,1,1,2,2,8,7,7,7,10,11,11,7,5,5,7,5,2,2,2,2,2,4,6,4,5,7,15,14,14,13,11,17,19,6,16,17,55,47,27,25,24,19,23,18,21,21,19,19,23,24,22,20,20,28,24,31,30,30,32,21,23,21,21,19,17,22,30,22,25,29,32,29,47,51,56,44,58
Sutton Place,Manhattan,Neighborhood,41,39,45,36,34,19,23,22,27,26,27,24,20,21,23,20,16,13,11,12,12,12,13,15,20,20,17,15,12,11,12,12,12,8,6,3,8,13,16,17,16,16,16,22,17,12,16,24,26,26,35,31,36,45,39,39,36,30,33,34,27,28,23,29,37,56,58,52,41,39,49,54,45,44,50,41,37,51,48,50,87,113,127,125,126,118,116,115,121,127,115,106,83,82,106,121,128,132,118
Throgs Neck,Bronx,Neighborhood,0,0,0,0,0,0,0,0,0,0,0,0,0,0,0,0,0,0,0,0,0,0,0,0,0,0,0,0,0,0,0,0,0,0,0,0,0,0,0,0,0,0,0,0,0,0,0,0,0,0,2,0,0,0,0,0,0,0,0,0,0,2,1,1,1,1,1,0,0,0,0,0,0,0,1,1,0,1,1,1,2,3,1,2,1,0,4,4,3,3,3,2,3,2,3,4,3,3,4
Tremont,Bronx,Neighborhood,0,0,0,0,0,0,0,0,0,0,0,0,0,0,0,0,0,0,0,0,0,0,0,0,0,0,0,0,0,0,0,0,0,0,0,0,0,0,0,0,0,0,0,0,1,1,1,1,1,0,0,0,0,1,0,0,0,1,2,1,1,2,2,2,1,3,6,6,5,4,2,3,3,11,9,12,15,16,14,21,14,17,11,8,12,14,14,5,5,7,10,10,7,11,20,17,9,11,11
Tribeca,Manhattan,Neighborhood,117,127,149,114,89,48,36,39,28,27,30,25,30,35,37,34,31,32,25,24,17,19,28,24,17,32,37,30,20,20,25,26,20,20,18,28,34,33,33,37,26,33,38,33,27,32,38,50,54,63,74,73,65,68,58,67,64,55,66,84,100,93,77,77,84,77,79,76,71,59,64,55,62,71,73,66,82,98,68,74,62,79,73,86,97,110,104,115,103,105,106,106,104,88,107,129,124,110,128
Turtle Bay,Manhattan,Neighborhood,120,116,117,117,141,146,144,131,115,116,117,119,110,105,101,92,89,84,77,72,75,69,81,94,94,90,81,78,71,75,76,79,82,79,91,84,92,88,88,93,94,94,86,81,81,90,94,114,128,120,127,132,152,137,119,125,119,111,113,121,139,148,146,147,134,117,109,112,105,111,137,141,145,162,157,150,145,164,149,154,132,167,192,194,227,225,255,254,239,228,207,202,201,193,226,204,245,304,327
University Heights,Bronx,Neighborhood,10,10,9,9,9,11,13,8,8,7,7,7,2,1,1,0,0,0,0,0,0,1,0,0,0,0,4,6,8,4,8,8,8,3,4,5,7,8,8,6,2,5,9,6,9,5,8,8,12,10,9,13,8,7,8,8,10,6,9,8,8,11,8,8,9,8,10,15,20,22,19,24,23,17,10,15,21,15,7,6,9,15,6,10,11,21,20,16,15,16,10,7,13,12,8,5,11,9,10
Upper East Side,Manhattan,Neighborhood,156,164,166,170,168,149,139,126,132,119,110,130,118,131,141,135,123,105,95,90,79,73,81,100,121,122,101,91,80,89,74,73,76,80,85,87,93,101,117,137,141,145,128,138,144,145,199,183,193,214,200,236,253,260,228,246,205,169,168,207,223,193,196,191,214,234,236,213,182,159,191,210,205,248,262,251,232,237,213,238,216,316,311,326,363,343,360,415,418,412,395,389,379,339,373,362,402,379,390
Upper West Side,Manhattan,Neighborhood,313,316,328,298,312,285,284,303,285,279,290,285,281,287,259,254,238,216,193,209,201,187,173,182,215,199,211,197,196,205,222,223,213,200,237,242,256,258,289,331,321,323,285,279,303,323,366,365,418,450,474,516,507,498,458,443,434,454,464,486,517,499,521,595,728,644,557,565,518,487,529,477,529,536,604,641,654,549,452,443,402,606,643,686,702,681,798,845,861,860,787,767,732,699,753,743,838,810,899
Wakefield,Bronx,Neighborhood,1,1,1,1,0,0,0,0,0,0,0,0,0,0,0,0,0,0,0,0,0,0,0,0,0,0,0,0,0,0,0,1,1,1,1,1,1,1,1,1,1,1,1,1,1,2,2,2,2,1,1,2,3,1,1,2,3,3,4,2,1,1,1,2,8,12,9,11,12,11,18,21,13,11,15,21,22,8,8,10,6,12,14,14,15,13,15,12,9,13,20,20,20,12,14,6,5,8,10
Washington Heights,Manhattan,Neighborhood,32,36,37,31,33,30,24,17,31,39,35,44,36,26,22,24,24,13,13,16,20,18,19,22,16,15,21,22,19,16,15,13,12,26,26,28,21,36,41,43,49,47,43,49,51,54,67,78,95,100,94,82,71,70,61,65,63,66,82,70,60,66,64,64,88,101,125,136,127,119,101,101,105,114,116,110,136,134,131,146,146,196,202,192,206,201,201,244,269,290,242,223,240,224,244,253,240,227,291
West Harlem,Manhattan,Neighborhood,0,0,0,0,0,3,2,2,2,1,1,0,0,0,0,0,0,0,0,1,2,1,0,0,1,1,1,1,1,0,0,1,2,2,1,0,1,1,0,2,2,0,0,0,2,3,5,2,2,3,7,10,7,3,2,2,2,2,1,2,2,2,2,8,10,11,9,9,11,4,7,10,9,9,10,4,9,11,8,9,7,12,12,11,13,9,8,11,13,15,9,7,9,12,16,14,17,19,16
West Village,Manhattan,Neighborhood,130,134,138,126,120,117,105,93,76,93,108,126,93,97,88,84,90,87,87,71,68,76,84,92,89,99,101,99,86,93,94,72,70,76,105,99,123,125,143,165,195,158,134,129,124,121,150,174,190,219,218,220,240,226,200,213,203,162,175,164,206,208,248,246,238,256,215,214,174,176,187,202,230,233,235,242,254,241,218,224,212,260,280,287,321,347,356,343,366,381,338,310,308,283,327,313,361,349,351
Whitestone,Queens,Neighborhood,0,0,0,0,0,0,0,0,0,0,0,0,0,0,0,0,0,0,0,0,0,0,0,0,0,0,0,0,0,0,0,0,0,0,0,0,0,0,0,0,0,0,0,1,1,2,1,0,0,0,0,0,0,0,0,0,0,0,0,0,1,1,0,0,1,0,0,0,1,1,2,2,1,0,0,1,1,2,1,2,1,1,3,4,4,3,2,2,2,1,1,0,0,1,2,1,1,2,1
Williamsbridge,Bronx,Neighborhood,0,0,0,0,0,0,0,0,0,0,0,0,0,0,0,0,0,0,0,0,0,0,0,0,1,1,1,0,0,0,0,0,0,0,0,0,0,0,0,0,0,0,0,0,0,0,0,1,1,0,0,1,2,2,2,2,1,2,2,1,0,0,0,1,3,3,2,3,4,3,1,2,4,4,5,2,1,1,2,3,4,4,1,1,3,3,2,2,2,3,3,3,3,2,2,2,6,6,3
Williamsburg,Brooklyn,Neighborhood,43,54,49,43,38,38,43,45,34,56,45,42,48,37,36,42,46,48,41,30,23,16,25,40,68,56,64,51,42,36,60,60,63,161,92,105,94,98,99,100,125,168,224,234,188,161,172,158,154,168,158,183,258,316,328,371,337,446,445,356,341,325,352,345,410,425,313,295,443,486,514,549,459,441,374,383,439,415,361,353,340,417,536,508,579,566,628,616,602,619,634,574,569,495,627,623,645,626,702
Windsor Terrace,Brooklyn,Neighborhood,2,4,6,10,10,7,2,3,3,3,2,5,3,4,5,5,6,7,8,5,1,1,4,6,6,8,3,2,3,5,3,0,0,0,2,2,2,1,1,5,9,11,10,11,11,7,6,6,8,8,10,11,9,12,4,11,10,12,19,20,14,12,17,15,15,17,24,24,19,19,16,16,13,15,16,22,28,33,40,32,38,31,31,35,36,31,37,52,58,69,50,47,42,32,42,45,56,54,40
Woodhaven,Queens,Neighborhood,0,0,0,0,0,0,0,0,0,0,0,0,0,0,0,0,0,0,0,0,0,0,0,0,0,0,0,0,0,0,0,0,0,0,0,0,0,0,0,0,0,0,0,0,0,0,0,0,0,0,0,0,0,0,0,0,0,0,0,2,2,1,2,3,8,7,5,5,6,4,2,8,7,6,4,3,1,4,7,6,15,14,11,5,4,3,2,5,4,6,3,5,6,5,9,9,10,3,2
Woodside,Queens,Neighborhood,0,0,0,2,2,0,0,1,1,1,1,1,2,2,0,0,1,2,2,1,2,1,1,1,0,0,1,1,2,1,1,0,0,0,0,0,0,1,1,2,2,1,0,1,2,3,3,6,10,6,4,3,7,11,10,12,17,13,18,22,31,26,14,16,21,28,20,20,13,20,24,33,44,47,37,33,26,25,36,32,26,32,24,32,37,37,40,43,42,42,38,37,37,28,47,48,66,79,93
Woodstock,Bronx,Neighborhood,0,0,0,0,0,0,0,0,0,0,0,0,0,0,0,0,0,0,0,0,0,0,0,0,0,0,0,0,0,0,0,0,0,0,0,0,0,0,0,0,0,2,2,0,3,3,1,0,0,4,3,0,2,0,0,1,2,1,2,1,1,0,0,1,2,1,5,5,5,3,2,3,2,3,2,0,2,2,1,0,1,1,1,1,0,1,2,1,1,0,0,0,1,1,1,2,1,0,2
Yorkville,Manhattan,Neighborhood,268,275,282,276,289,271,250,234,196,194,194,196,190,191,208,189,174,137,143,142,134,147,153,177,200,190,191,159,164,164,155,159,138,124,149,146,189,203,231,229,242,226,216,232,223,199,233,237,266,282,334,324,322,315,276,311,323,309,324,335,348,360,387,397,432,369,391,366,326,293,320,298,343,360,370,367,378,404,364,366,341,446,514,509,558,588,638,725,732,764,660,608,557,502,553,536,564,563,628